CustomerID,Recency,Frequency,Monetary,R_Score,F_Score,M_Score,Total_Score
12347,2,7,2458,5,5,5,15
12348,75,4,2341,3,5,5,13
12349,18,1,631,5,1,4,10
12350,310,1,197,1,1,3,5
12353,204,1,20,2,1,1,4
12354,232,1,530,1,1,4,6
12355,214,1,240,1,1,3,5
12356,22,3,1591,4,4,5,13
12357,33,1,2708,4,1,5,10
12358,1,2,248,5,3,3,11
12360,52,3,1165,3,4,5,12
12361,287,1,91,1,1,1,3
12363,109,2,408,2,3,4,9
12364,7,4,1506,5,5,5,15
12367,4,1,173,5,1,2,8
12370,51,4,2353,3,5,5,13
12371,44,2,591,4,3,4,11
12372,71,3,794,3,4,5,12
12373,311,1,197,1,1,3,5
12374,25,1,342,4,1,3,8
12377,315,2,944,1,3,5,9
12378,129,1,2529,2,1,5,8
12386,337,2,354,1,3,4,8
12388,15,6,1462,5,5,5,15
12390,79,1,353,3,1,4,8
12391,21,1,300,4,1,3,8
12393,72,4,816,3,5,5,13
12394,63,2,819,3,3,5,11
12397,35,2,1263,4,3,5,12
12398,45,1,1394,4,1,5,10
12399,119,4,1178,2,5,5,12
12401,303,1,11,1,1,1,3
12402,323,1,94,1,1,1,3
12405,148,1,857,2,1,5,8
12407,49,5,1416,3,5,5,13
12412,74,3,829,3,4,5,12
12414,217,3,300,1,4,3,8
12418,112,1,407,2,1,4,7
12420,63,1,345,3,1,4,8
12422,95,3,370,2,4,4,10
12424,162,2,740,2,3,5,10
12425,78,1,496,3,1,4,8
12426,194,1,258,2,1,3,6
12429,9,4,1557,5,5,5,15
12430,43,1,117,4,1,2,7
12432,42,5,1801,4,5,5,14
12433,0,7,11071,5,5,5,15
12435,79,2,2055,3,3,5,11
12436,99,1,211,2,1,3,6
12438,14,2,1180,5,3,5,13
12441,366,1,121,1,1,2,4
12442,3,1,182,5,1,2,8
12444,21,5,1155,4,5,5,14
12445,22,1,62,4,1,1,6
12446,57,1,352,3,1,4,8
12447,243,1,190,1,1,2,4
12448,44,1,243,4,1,3,8
12449,22,4,1553,4,5,5,14
12450,156,2,128,2,3,2,7
12453,134,1,473,2,1,4,7
12455,73,6,2089,3,5,5,13
12458,71,2,506,3,3,4,10
12461,94,2,287,2,3,3,8
12464,10,8,112,5,5,2,12
12475,53,1,535,3,1,4,8
12478,3,1,236,5,1,3,9
12480,28,4,1707,4,5,5,14
12488,9,3,529,5,4,4,13
12489,336,1,105,1,1,2,4
12490,5,10,3064,5,5,5,15
12491,38,1,260,4,1,3,8
12492,63,2,192,3,3,2,8
12497,81,1,1236,3,1,5,9
12498,21,3,159,4,4,2,10
12502,95,5,820,2,5,5,12
12506,232,1,23,1,1,1,3
12508,26,2,272,4,3,3,10
12509,284,1,55,1,1,1,3
12510,142,2,353,2,3,4,9
12512,66,2,99,3,3,1,7
12514,267,1,440,1,1,4,6
12515,353,1,131,1,1,2,4
12516,77,2,875,3,3,5,11
12518,0,5,1318,5,5,5,15
12519,63,1,183,3,1,2,6
12521,142,1,309,2,1,3,6
12522,39,2,194,4,3,2,9
12524,9,8,3699,5,5,5,15
12526,0,3,632,5,4,4,13
12527,81,3,234,3,4,3,10
12531,14,1,45,5,1,1,7
12532,30,1,153,4,1,2,7
12534,130,1,651,2,1,4,7
12535,91,2,219,2,3,3,8
12538,29,1,191,4,1,2,7
12541,29,3,680,4,4,4,12
12545,75,2,523,3,3,4,10
12547,197,2,134,2,3,2,7
12548,166,1,49,2,1,1,4
12550,79,1,569,3,1,4,8
12551,357,1,100,1,1,1,3
12552,38,2,88,4,3,1,8
12556,50,2,358,3,3,4,10
12557,16,5,4384,5,5,5,15
12561,302,1,177,1,1,2,4
12562,8,7,1779,5,5,5,15
12564,261,1,133,1,1,2,4
12571,39,2,523,4,3,4,11
12573,227,1,84,1,1,1,3
12574,315,1,61,1,1,1,3
12580,246,1,238,1,1,3,5
12581,39,1,161,4,1,2,7
12582,238,2,300,1,3,3,7
12587,7,1,51,5,1,1,7
12588,39,1,53,4,1,1,6
12589,28,2,306,4,3,3,10
12591,317,1,228,1,1,3,5
12592,92,2,290,2,3,3,8
12593,108,3,206,2,4,3,9
12596,51,2,474,3,3,4,10
12599,29,7,956,4,5,5,14
12602,58,1,162,3,1,2,6
12603,21,1,64,4,1,1,6
12604,79,2,201,3,3,3,9
12609,78,3,648,3,4,4,11
12611,52,1,846,3,1,5,9
12614,277,1,76,1,1,1,3
12615,2,4,1376,5,5,5,15
12617,29,1,213,4,1,3,8
12618,21,1,96,4,1,1,6
12620,14,3,1181,5,4,5,14
12622,232,1,69,1,1,1,3
12623,276,1,191,1,1,2,4
12624,106,2,355,2,3,4,9
12627,10,7,2752,5,5,5,15
12630,9,2,548,5,3,4,12
12631,57,1,236,3,1,3,7
12635,89,2,1172,3,3,5,11
12638,33,1,577,4,1,4,9
12639,238,1,201,1,1,3,5
12640,23,3,311,4,4,3,11
12641,115,1,72,2,1,1,4
12642,25,3,552,4,4,4,12
12643,128,6,1808,2,5,5,12
12644,129,1,325,2,1,3,6
12646,4,2,897,5,3,5,13
12648,154,1,160,2,1,2,5
12650,3,1,254,5,1,3,9
12651,334,1,78,1,1,1,3
12653,148,2,919,2,3,5,10
12654,10,5,264,5,5,3,13
12658,18,1,320,5,1,3,9
12659,29,1,105,4,1,2,7
12660,11,1,127,5,1,2,8
12667,58,1,395,3,1,4,8
12672,329,1,78,1,1,1,3
12673,5,2,351,5,3,4,12
12676,24,6,670,4,5,4,13
12680,0,4,443,5,5,4,14
12682,3,31,5575,5,5,5,15
12684,7,7,1985,5,5,5,15
12685,28,6,1523,4,5,5,14
12686,371,1,107,1,1,2,4
12688,113,1,3028,2,1,5,8
12689,25,2,628,4,3,4,11
12690,205,1,106,2,1,2,5
12691,28,6,394,4,5,4,13
12694,70,2,509,3,3,4,10
12695,7,4,220,5,5,3,13
12701,79,2,678,3,3,4,10
12702,19,1,53,4,1,1,6
12707,291,1,256,1,1,3,5
12713,0,1,508,5,1,4,10
12714,9,5,3069,5,5,5,15
12715,106,1,197,2,1,3,6
12716,3,2,708,5,3,5,13
12718,71,1,203,3,1,3,7
12723,3,5,434,5,5,4,14
12724,5,4,445,5,5,4,14
12725,371,1,164,1,1,2,4
12726,28,7,3143,4,5,5,14
12728,71,4,419,3,5,4,12
12729,113,1,233,2,1,3,6
12732,179,1,111,2,1,2,5
12733,234,1,137,1,1,2,4
12734,352,1,88,1,1,1,3
12735,315,2,368,1,3,4,8
12736,332,1,173,1,1,2,4
12738,372,1,148,1,1,2,4
12739,78,2,486,3,3,4,10
12740,63,1,342,3,1,3,7
12743,134,2,319,2,3,3,8
12747,2,11,1275,5,5,5,15
12750,128,1,137,2,1,2,5
12752,81,1,2262,3,1,5,9
12756,86,1,144,3,1,2,6
12758,116,2,2135,2,3,5,10
12759,52,3,902,3,4,5,12
12762,7,2,1227,5,3,5,13
12763,138,2,316,2,3,3,8
12764,316,1,386,1,1,4,6
12766,3,7,3646,5,5,5,15
12769,238,1,356,1,1,4,6
12770,210,1,743,2,1,5,8
12772,59,1,556,3,1,4,8
12784,9,2,300,5,3,3,11
12787,9,3,261,5,4,3,12
12789,65,1,4,3,1,1,5
12790,192,1,166,2,1,2,5
12791,373,1,97,1,1,1,3
12792,256,1,217,1,1,3,5
12793,334,2,295,1,3,3,7
12794,53,2,592,3,3,4,10
12795,18,1,68,5,1,1,7
12798,10,3,5256,5,4,5,14
12808,36,3,188,4,4,2,10
12811,260,3,230,1,4,3,8
12812,44,1,164,4,1,2,7
12814,101,1,49,2,1,1,4
12815,147,2,379,2,3,4,9
12816,95,2,128,2,3,2,7
12817,281,1,53,1,1,1,3
12820,3,4,722,5,5,5,15
12821,214,1,70,1,1,1,3
12823,74,5,230,3,5,3,11
12824,59,1,232,3,1,3,7
12827,5,3,197,5,4,3,12
12828,2,6,494,5,5,4,14
12831,262,1,135,1,1,2,4
12832,32,2,195,4,3,3,10
12833,145,1,156,2,1,2,5
12834,282,1,110,1,1,2,4
12836,59,4,1064,3,5,5,13
12837,173,1,24,2,1,1,4
12838,33,2,359,4,3,4,11
12842,70,2,547,3,3,4,10
12844,29,2,125,4,3,2,9
12845,267,4,204,1,5,3,9
12847,22,1,909,4,1,5,10
12849,31,2,623,4,3,4,11
12851,96,1,109,2,1,2,5
12855,372,1,30,1,1,1,3
12857,210,2,343,2,3,4,9
12864,138,1,216,2,1,3,6
12866,283,1,171,1,1,2,4
12868,185,6,928,2,5,5,12
12871,84,2,200,3,3,3,9
12872,326,2,319,1,3,3,7
12873,282,1,128,1,1,2,4
12875,143,2,2019,2,3,5,10
12876,57,2,1941,3,3,5,11
12877,3,12,1178,5,5,5,15
12881,275,1,21,1,1,1,3
12882,9,2,246,5,3,3,11
12883,24,4,196,4,5,3,12
12884,88,1,43,3,1,1,5
12890,24,1,259,4,1,3,8
12891,185,3,950,2,4,5,11
12893,30,1,96,4,1,1,6
12897,204,2,110,2,3,2,7
12902,264,1,66,1,1,1,3
12904,18,2,302,5,3,3,11
12906,11,5,1749,5,5,5,15
12910,23,8,1692,4,5,5,14
12912,2,5,670,5,5,4,14
12913,4,5,1419,5,5,5,15
12915,148,2,93,2,3,1,6
12917,128,1,120,2,1,2,5
12920,17,1,129,5,1,2,8
12922,161,1,370,2,1,4,7
12923,64,1,69,3,1,1,5
12925,4,2,541,5,3,4,12
12928,35,5,1472,4,5,5,14
12937,15,4,1007,5,5,5,15
12938,25,1,140,4,1,2,7
12939,64,8,4876,3,5,5,13
12942,131,3,203,2,4,3,9
12944,35,2,289,4,3,3,10
12945,288,1,165,1,1,2,4
12950,2,3,1380,5,4,5,14
12953,9,1,84,5,1,1,7
12956,306,1,34,1,1,1,3
12962,7,2,129,5,3,2,10
12965,89,1,283,3,1,3,7
12966,9,1,75,5,1,1,7
12968,112,1,73,2,1,1,4
12970,7,4,310,5,5,3,13
12974,197,1,24,2,1,1,4
12976,211,1,561,2,1,4,7
12977,156,1,12,2,1,1,4
12981,29,2,242,4,3,3,10
12984,18,1,26,5,1,1,7
12988,292,1,136,1,1,2,4
12990,31,3,200,4,4,3,11
12991,23,2,405,4,3,4,11
12993,23,4,240,4,5,3,12
12999,196,3,342,2,4,3,9
13000,106,3,379,2,4,4,10
13002,318,1,73,1,1,1,3
13003,105,3,103,2,4,2,8
13006,56,1,55,3,1,1,5
13011,372,1,13,1,1,1,3
13015,53,5,1617,3,5,5,13
13016,73,3,527,3,4,4,11
13017,7,1,48,5,1,1,7
13023,64,2,286,3,3,3,9
13027,113,6,17280,2,5,5,12
13029,30,3,134,4,4,2,10
13030,11,2,394,5,3,4,12
13033,357,1,83,1,1,1,3
13034,54,2,369,3,3,4,10
13037,138,3,431,2,4,4,10
13038,80,3,360,3,4,4,11
13040,8,2,355,5,3,4,12
13044,291,1,429,1,1,4,6
13045,99,1,221,2,1,3,6
13046,30,2,264,4,3,3,10
13049,64,2,268,3,3,3,9
13052,212,1,222,1,1,3,5
13058,24,3,52,4,4,1,9
13059,249,1,35,1,1,1,3
13060,253,1,123,1,1,2,4
13061,72,1,107,3,1,2,6
13062,191,1,343,2,1,4,7
13064,12,4,516,5,5,4,14
13065,373,1,74,1,1,1,3
13067,82,1,32,3,1,1,5
13068,10,2,200,5,3,3,11
13070,192,1,110,2,1,2,5
13072,266,1,69,1,1,1,3
13075,129,1,485,2,1,4,7
13077,1,4,863,5,5,5,15
13079,4,5,62,5,5,1,11
13080,179,1,120,2,1,2,5
13083,4,2,187,5,3,2,10
13095,70,1,144,3,1,2,6
13099,99,1,288,2,1,3,6
13101,234,1,113,1,1,2,4
13103,39,1,82,4,1,1,6
13104,3,6,504,5,5,4,14
13108,372,1,298,1,1,3,5
13117,21,8,945,4,5,5,14
13120,238,1,12,1,1,1,3
13122,94,2,585,2,3,4,9
13124,89,3,2147,3,4,5,12
13127,77,1,127,3,1,2,6
13130,94,1,32,2,1,1,4
13132,261,1,20,1,1,1,3
13133,273,2,32,1,3,1,5
13135,196,1,4300,2,1,5,8
13138,22,6,473,4,5,4,13
13140,108,3,186,2,4,2,8
13142,19,1,258,4,1,3,8
13144,332,1,21,1,1,1,3
13146,26,1,154,4,1,2,7
13147,10,4,144,5,5,2,12
13149,14,4,1280,5,5,5,15
13153,5,1,418,5,1,4,10
13155,33,4,497,4,5,4,13
13158,94,4,784,2,5,5,12
13160,22,1,56,4,1,1,6
13161,313,1,29,1,1,1,3
13165,46,2,1376,3,3,5,11
13167,18,4,785,5,5,5,15
13169,63,2,272,3,3,3,9
13170,26,1,147,4,1,2,7
13173,4,2,277,5,3,3,11
13174,16,3,1395,5,4,5,14
13176,46,1,453,3,1,4,8
13177,64,1,91,3,1,1,5
13178,26,11,3570,4,5,5,14
13182,45,1,201,4,1,3,8
13183,7,9,2208,5,5,5,15
13185,267,1,12,1,1,1,3
13187,337,1,95,1,1,1,3
13188,11,1,25,5,1,1,7
13189,18,2,842,5,3,5,13
13192,95,2,595,2,3,4,9
13193,61,1,50,3,1,1,5
13194,135,1,26,2,1,1,4
13196,11,4,1224,5,5,5,15
13200,19,4,516,4,5,4,13
13203,9,4,800,5,5,5,15
13207,15,2,130,5,3,2,10
13210,93,1,316,2,1,3,6
13211,10,3,874,5,4,5,14
13216,267,1,297,1,1,3,5
13218,127,1,88,2,1,1,4
13220,78,4,196,3,5,3,11
13221,240,2,244,1,3,3,7
13223,200,2,88,2,3,1,6
13226,273,1,80,1,1,1,3
13227,201,1,99,2,1,1,4
13228,81,1,200,3,1,3,7
13229,225,1,63,1,1,1,3
13232,12,7,778,5,5,5,15
13233,74,2,1004,3,3,5,11
13239,261,1,363,1,1,4,6
13240,96,4,298,2,5,3,10
13242,112,3,130,2,4,2,8
13243,203,1,233,2,1,3,6
13244,92,1,38,2,1,1,4
13245,50,1,125,3,1,2,6
13247,17,4,328,5,5,3,13
13248,124,2,305,2,3,3,8
13249,92,3,546,2,4,4,10
13253,156,2,1572,2,3,5,10
13256,14,1,12540,5,1,5,11
13258,11,3,287,5,4,3,12
13259,61,1,132,3,1,2,6
13260,61,1,142,3,1,2,6
13261,268,2,210,1,3,3,7
13262,263,1,125,1,1,2,4
13263,1,35,4780,5,5,5,15
13265,53,5,1752,3,5,5,13
13270,366,1,200,1,1,3,5
13272,31,2,96,4,3,1,8
13273,113,1,153,2,1,2,5
13276,63,2,161,3,3,2,8
13277,15,4,176,5,5,2,12
13278,40,1,537,4,1,4,9
13280,122,3,522,2,4,4,10
13283,59,2,90,3,3,1,7
13285,23,4,2051,4,5,5,14
13291,155,1,233,2,1,3,6
13292,38,2,347,4,3,4,11
13294,189,2,453,2,3,4,9
13296,137,1,78,2,1,1,4
13297,7,4,963,5,5,5,15
13298,1,1,96,5,1,1,7
13299,268,1,30,1,1,1,3
13301,103,4,345,2,5,4,11
13302,155,1,5,2,1,1,4
13304,351,1,238,1,1,3,5
13305,4,10,1232,5,5,5,15
13307,120,1,4,2,1,1,4
13309,7,5,1544,5,5,5,15
13311,4,2,305,5,3,3,11
13313,22,5,851,4,5,5,14
13318,1,3,304,5,4,3,12
13321,72,2,372,3,3,4,10
13322,17,1,117,5,1,2,8
13323,3,5,175,5,5,2,12
13325,81,1,240,3,1,3,7
13328,316,1,680,1,1,4,6
13330,92,3,751,2,4,5,11
13332,14,1,179,5,1,2,8
13334,82,3,1774,3,4,5,12
13336,77,1,559,3,1,4,8
13339,200,1,326,2,1,3,6
13340,45,7,5770,4,5,5,14
13341,260,1,301,1,1,3,5
13344,67,3,971,3,4,5,12
13347,70,1,205,3,1,3,7
13348,64,1,136,3,1,2,6
13349,10,1,225,5,1,3,9
13351,66,1,117,3,1,2,6
13354,71,1,604,3,1,4,8
13355,122,1,314,2,1,3,6
13356,80,1,325,3,1,3,7
13357,257,1,322,1,1,3,5
13358,268,1,285,1,1,3,5
13363,17,2,710,5,3,5,13
13366,50,1,144,3,1,2,6
13368,256,2,327,1,3,3,7
13372,89,1,159,3,1,2,6
13373,60,3,1651,3,4,5,12
13376,99,3,493,2,4,4,10
13379,26,3,601,4,4,4,12
13382,280,1,131,1,1,2,4
13385,329,1,281,1,1,3,5
13389,11,3,429,5,4,4,13
13390,74,1,224,3,1,3,7
13391,203,1,4,2,1,1,4
13395,185,1,336,2,1,3,6
13398,192,1,281,2,1,3,6
13402,127,2,479,2,3,4,9
13403,17,1,44,5,1,1,7
13404,1,2,111,5,3,2,10
13405,74,3,165,3,4,2,9
13411,107,1,72,2,1,1,4
13414,133,3,1574,2,4,5,11
13416,43,2,142,4,3,2,9
13417,4,2,162,5,3,2,10
13419,63,1,275,3,1,3,7
13425,108,3,1123,2,4,5,11
13427,19,3,545,4,4,4,12
13428,10,1,156,5,1,2,8
13429,10,4,1390,5,5,5,15
13431,67,2,672,3,3,4,10
13434,74,2,300,3,3,3,9
13436,1,1,76,5,1,1,7
13437,14,7,1283,5,5,5,15
13439,255,1,242,1,1,3,5
13441,91,1,204,2,1,3,6
13449,23,1,222,4,1,3,8
13450,26,6,1982,4,5,5,14
13452,259,2,2,1,3,1,5
13453,165,2,134,2,3,2,7
13460,29,2,286,4,3,3,10
13461,38,3,1170,4,4,5,13
13464,58,1,403,3,1,4,8
13467,10,2,584,5,3,4,12
13470,99,2,100,2,3,1,6
13471,1,4,1590,5,5,5,15
13474,236,1,132,1,1,2,4
13475,191,4,1012,2,5,5,12
13482,232,1,116,1,1,2,4
13483,65,1,160,3,1,2,6
13484,241,1,44,1,1,1,3
13485,233,1,277,1,1,3,5
13486,78,3,669,3,4,4,11
13487,57,3,265,3,4,3,10
13489,105,4,560,2,5,4,11
13491,51,10,903,3,5,5,13
13492,136,3,408,2,4,4,10
13493,275,2,380,1,3,4,8
13494,311,1,162,1,1,2,4
13502,16,3,264,5,4,3,12
13503,71,1,248,3,1,3,7
13504,64,1,178,3,1,2,6
13507,3,4,1597,5,5,5,15
13508,243,1,24,1,1,1,3
13509,8,7,1106,5,5,5,15
13512,260,1,143,1,1,2,4
13513,126,1,109,2,1,2,5
13514,73,1,40,3,1,1,5
13515,72,4,681,3,5,4,12
13516,21,3,985,4,4,5,13
13518,85,1,392,3,1,4,8
13521,1,3,736,5,4,5,14
13522,30,1,44,4,1,1,6
13524,40,5,324,4,5,3,12
13525,14,2,394,5,3,4,12
13529,78,2,74,3,3,1,7
13531,205,2,174,2,3,2,7
13532,33,1,129,4,1,2,7
13533,182,3,204,2,4,3,9
13536,1,7,2136,5,5,5,15
13538,43,7,175,4,5,2,11
13544,39,2,127,4,3,2,9
13546,12,3,359,5,4,4,13
13548,96,2,441,2,3,4,9
13551,319,1,12,1,1,1,3
13555,73,4,2660,3,5,5,13
13557,28,2,546,4,3,4,11
13558,5,4,344,5,5,4,14
13560,7,1,64,5,1,1,7
13561,215,1,83,1,1,1,3
13562,81,3,757,3,4,5,12
13563,84,2,209,3,3,3,9
13565,19,2,172,4,3,2,9
13566,40,2,575,4,3,4,11
13568,173,1,70,2,1,1,4
13569,17,2,164,5,3,2,10
13570,243,1,161,1,1,2,4
13571,12,12,1759,5,5,5,15
13572,205,1,534,2,1,4,7
13573,50,2,303,3,3,3,9
13575,23,5,449,4,5,4,13
13579,14,2,176,5,3,2,10
13581,309,1,30,1,1,1,3
13583,155,1,725,2,1,5,8
13584,306,1,37,1,1,1,3
13589,14,2,114,5,3,2,10
13591,64,3,485,3,4,4,11
13592,35,4,84,4,5,1,10
13594,52,1,359,3,1,4,8
13596,5,2,406,5,3,4,12
13600,312,1,324,1,1,3,5
13601,45,2,548,4,3,4,11
13602,64,1,267,3,1,3,7
13603,26,1,164,4,1,2,7
13606,29,3,279,4,4,3,11
13607,40,1,290,4,1,3,8
13614,24,4,570,4,5,4,13
13617,40,3,300,4,4,3,11
13618,173,1,246,2,1,3,6
13621,116,1,343,2,1,4,7
13626,252,1,209,1,1,3,5
13629,23,11,4372,4,5,5,14
13634,33,5,704,4,5,5,14
13635,67,1,677,3,1,4,8
13637,52,3,409,3,4,4,11
13638,15,1,93,5,1,1,7
13639,74,1,800,3,1,5,9
13642,215,1,173,1,1,2,4
13643,31,3,273,4,4,3,11
13645,120,1,158,2,1,2,5
13649,256,2,139,1,3,2,6
13651,35,2,33,4,3,1,8
13652,45,3,578,4,4,4,12
13654,43,6,2182,4,5,5,14
13655,114,2,605,2,3,4,9
13656,164,2,490,2,3,4,9
13657,10,2,209,5,3,3,11
13663,179,1,91,2,1,1,4
13666,60,3,41,3,4,1,8
13667,149,1,154,2,1,2,5
13669,50,2,237,3,3,3,9
13670,75,1,282,3,1,3,7
13673,18,2,119,5,3,2,10
13675,151,2,330,2,3,3,8
13678,151,1,924,2,1,5,8
13681,17,4,360,5,5,4,14
13682,187,1,10,2,1,1,4
13685,2,7,5056,5,5,5,15
13686,182,1,70,2,1,1,4
13689,63,1,512,3,1,4,8
13690,59,1,67,3,1,1,5
13695,31,15,1603,4,5,5,14
13697,38,1,177,4,1,2,7
13699,155,1,66,2,1,1,4
13700,26,10,2304,4,5,5,14
13703,318,1,10,1,1,1,3
13705,7,3,363,5,4,4,13
13706,302,1,189,1,1,2,4
13707,267,2,351,1,3,4,8
13708,271,1,306,1,1,3,5
13710,31,1,176,4,1,2,7
13711,218,2,140,1,3,2,6
13712,246,1,352,1,1,4,6
13716,269,1,138,1,1,2,4
13718,246,2,173,1,3,2,6
13719,15,5,609,5,5,4,14
13720,116,4,501,2,5,4,11
13721,36,1,316,4,1,3,8
13723,217,1,43,1,1,1,3
13726,38,2,1054,4,3,5,12
13727,28,2,162,4,3,2,9
13728,36,6,458,4,5,4,13
13730,135,2,488,2,3,4,9
13731,219,2,278,1,3,3,7
13732,28,1,498,4,1,4,9
13737,200,1,125,2,1,2,5
13739,18,1,54,5,1,1,7
13740,240,1,425,1,1,4,6
13744,95,2,1249,2,3,5,10
13747,373,1,8,1,1,1,3
13748,95,5,439,2,5,4,11
13750,53,5,516,3,5,4,12
13751,288,1,152,1,1,2,4
13752,124,6,876,2,5,5,12
13753,287,1,512,1,1,4,6
13754,151,2,214,2,3,3,8
13758,11,7,1844,5,5,5,15
13759,33,2,287,4,3,3,10
13760,54,2,197,3,3,3,9
13761,50,2,642,3,3,4,10
13764,70,3,932,3,4,5,12
13772,33,3,546,4,4,4,12
13774,81,1,192,3,1,2,6
13778,103,1,70,2,1,1,4
13780,7,2,318,5,3,3,11
13781,250,1,30,1,1,1,3
13782,12,6,371,5,5,4,14
13784,9,11,2493,5,5,5,15
13786,367,1,136,1,1,2,4
13787,75,2,337,3,3,3,9
13790,4,1,748,5,1,5,11
13792,66,2,92,3,3,1,7
13799,116,2,402,2,3,4,9
13800,309,1,331,1,1,3,5
13801,66,1,168,3,1,2,6
13803,255,1,121,1,1,2,4
13804,30,7,1498,4,5,5,14
13805,52,2,1900,3,3,5,11
13806,63,1,56,3,1,1,5
13807,367,1,36,1,1,1,3
13808,5,5,782,5,5,5,15
13809,305,1,29,1,1,1,3
13812,42,3,333,4,4,3,11
13817,29,2,211,4,3,3,10
13819,301,3,1109,1,4,5,10
13821,144,2,153,2,3,2,7
13822,5,2,611,5,3,4,12
13823,18,2,439,5,3,4,12
13824,32,5,768,4,5,5,14
13827,57,3,141,3,4,2,9
13828,22,1,311,4,1,3,8
13831,16,6,745,5,5,5,15
13833,159,1,118,2,1,2,5
13835,25,4,442,4,5,4,13
13837,211,2,183,2,3,2,7
13838,5,4,263,5,5,3,13
13841,252,1,100,1,1,1,3
13842,58,9,1768,3,5,5,13
13844,11,1,196,5,1,3,9
13845,64,1,182,3,1,2,6
13848,92,3,3700,2,4,5,11
13849,51,2,1016,3,3,5,11
13851,95,3,1705,2,4,5,11
13858,57,1,75,3,1,1,5
13859,326,1,129,1,1,2,4
13865,58,4,204,3,5,3,11
13866,74,1,57,3,1,1,5
13867,31,3,513,4,4,4,12
13868,7,2,1964,5,3,5,13
13869,123,4,1721,2,5,5,12
13874,358,1,180,1,1,2,4
13875,53,5,1316,3,5,5,13
13876,63,1,36,3,1,1,5
13877,86,1,108,3,1,2,6
13878,54,1,475,3,1,4,8
13880,21,13,1842,4,5,5,14
13885,189,2,182,2,3,2,7
13886,71,1,126,3,1,2,6
13887,204,1,147,2,1,2,5
13888,119,2,258,2,3,3,8
13889,92,1,146,2,1,2,5
13892,26,4,983,4,5,5,14
13893,297,1,190,1,1,2,4
13897,50,1,200,3,1,3,7
13898,325,1,133,1,1,2,4
13899,16,2,156,5,3,2,10
13900,183,3,430,2,4,4,10
13901,72,5,1739,3,5,5,13
13904,37,2,332,4,3,3,10
13911,57,9,2731,3,5,5,13
13917,49,2,228,3,3,3,9
13918,49,2,1140,3,3,5,11
13922,351,1,93,1,1,1,3
13923,53,1,185,3,1,2,6
13926,23,1,104,4,1,2,7
13927,74,1,214,3,1,3,7
13928,10,4,129,5,5,2,12
13930,57,2,274,3,3,3,9
13932,294,1,72,1,1,1,3
13933,109,2,205,2,3,3,8
13934,263,1,390,1,1,4,6
13937,169,1,123,2,1,2,5
13938,35,1,70,4,1,1,6
13940,17,4,516,5,5,4,14
13946,79,3,443,3,4,4,11
13947,65,1,44,3,1,1,5
13948,360,1,40,1,1,1,3
13949,2,6,2474,5,5,5,15
13951,176,3,459,2,4,4,10
13953,7,7,2724,5,5,5,15
13955,154,2,154,2,3,2,7
13956,5,5,491,5,5,4,14
13959,79,3,357,3,4,4,11
13960,21,2,142,4,3,2,9
13962,21,2,87,4,3,1,8
13963,308,4,460,1,5,4,10
13967,145,1,42,2,1,1,4
13972,70,2,187,3,3,2,8
13973,287,1,109,1,1,2,4
13974,49,1,249,3,1,3,7
13976,206,1,154,2,1,2,5
13978,14,2,315,5,3,3,11
13979,73,1,639,3,1,4,8
13980,60,1,172,3,1,2,6
13986,17,1,430,5,1,4,10
13989,65,2,1313,3,3,5,11
13990,213,1,190,1,1,2,4
13992,30,1,64,4,1,1,6
13994,3,6,940,5,5,5,15
14002,134,2,877,2,3,5,10
14004,43,7,2668,4,5,5,14
14005,9,5,2478,5,5,5,15
14006,115,3,641,2,4,4,10
14012,277,1,160,1,1,2,4
14013,110,3,462,2,4,4,10
14014,77,1,1076,3,1,5,9
14015,52,1,378,3,1,4,8
14020,16,2,441,5,3,4,12
14021,155,3,192,2,4,2,8
14022,225,1,487,1,1,4,6
14023,7,2,345,5,3,4,12
14024,121,2,150,2,3,2,7
14027,60,1,62,3,1,1,5
14029,63,2,198,3,3,3,9
14030,18,8,1479,5,5,5,15
14035,28,5,739,4,5,5,14
14036,284,1,268,1,1,3,5
14037,176,2,46,2,3,1,6
14039,33,1,92,4,1,1,6
14041,266,1,94,1,1,1,3
14044,26,4,308,4,5,3,12
14045,109,4,535,2,5,4,11
14046,284,1,460,1,1,4,6
14050,31,2,689,4,3,4,11
14052,19,1,89,4,1,1,6
14053,124,2,215,2,3,3,8
14054,65,1,62,3,1,1,5
14055,106,1,216,2,1,3,6
14059,266,1,128,1,1,2,4
14062,9,12,5593,5,5,5,15
14066,266,1,45,1,1,1,3
14067,63,2,361,3,3,4,10
14068,320,1,73,1,1,1,3
14075,4,3,754,5,4,5,14
14076,129,1,81,2,1,1,4
14077,40,5,268,4,5,3,12
14078,101,6,310,2,5,3,10
14079,124,1,301,2,1,3,6
14080,32,1,48,4,1,1,6
14082,364,1,110,1,1,2,4
14083,4,9,732,5,5,5,15
14089,56,1,134,3,1,2,6
14090,324,1,72,1,1,1,3
14093,12,1,406,5,1,4,10
14098,36,1,104,4,1,2,7
14100,137,1,64,2,1,1,4
14101,73,6,6942,3,5,5,13
14104,154,2,72,2,3,1,6
14114,273,2,101,1,3,1,5
14116,19,5,707,4,5,5,14
14117,143,1,72,2,1,1,4
14124,84,1,1618,3,1,5,9
14125,10,3,1640,5,4,5,14
14127,122,3,321,2,4,3,9
14128,60,2,564,3,3,4,10
14129,1,5,592,5,5,4,14
14130,319,1,258,1,1,3,5
14135,1,15,3850,5,5,5,15
14138,1,2,610,5,3,4,12
14139,46,1,510,3,1,4,8
14142,373,1,313,1,1,3,5
14143,133,1,30,2,1,1,4
14148,233,1,16,1,1,1,3
14150,35,2,496,4,3,4,11
14154,239,2,465,1,3,4,8
14155,266,1,25,1,1,1,3
14158,40,1,781,4,1,5,10
14161,215,3,455,1,4,4,9
14162,173,2,142,2,3,2,7
14163,87,4,893,3,5,5,13
14164,70,2,1033,3,3,5,11
14165,275,1,54,1,1,1,3
14167,39,4,150,4,5,2,11
14171,98,1,167,2,1,2,5
14173,10,4,150,5,5,2,12
14174,33,1,94,4,1,1,6
14178,8,7,1505,5,5,5,15
14179,40,2,330,4,3,3,10
14184,66,1,127,3,1,2,6
14185,331,1,6,1,1,1,3
14193,67,2,445,3,3,4,10
14196,106,1,142,2,1,2,5
14199,218,1,28,1,1,1,3
14204,2,1,82,5,1,1,7
14208,94,1,114,2,1,2,5
14212,89,1,1152,3,1,5,9
14216,3,4,594,5,5,4,14
14218,42,1,160,4,1,2,7
14219,4,1,78,5,1,1,7
14220,247,2,272,1,3,3,7
14222,177,1,607,2,1,4,7
14224,110,4,514,2,5,4,11
14234,22,4,963,4,5,5,14
14236,80,2,310,3,3,3,9
14237,373,1,38,1,1,1,3
14238,326,1,111,1,1,2,4
14240,30,2,418,4,3,4,11
14241,183,1,146,2,1,2,5
14242,234,2,123,1,3,2,6
14246,110,3,804,2,4,5,11
14247,278,1,47,1,1,1,3
14248,318,1,102,1,1,2,4
14250,7,3,1200,5,4,5,14
14251,1,5,1674,5,5,5,15
14259,141,1,68,2,1,1,4
14261,50,2,406,3,3,4,10
14262,8,8,1645,5,5,5,15
14265,109,2,330,2,3,3,8
14270,331,1,197,1,1,3,5
14271,225,1,88,1,1,1,3
14272,73,2,599,3,3,4,10
14273,51,4,264,3,5,3,11
14280,196,1,52,2,1,1,4
14282,3,15,2668,5,5,5,15
14285,21,4,541,4,5,4,13
14289,8,6,292,5,5,3,13
14293,3,4,709,5,5,5,15
14300,18,1,32,5,1,1,7
14307,88,6,2058,3,5,5,13
14312,46,6,1012,3,5,5,13
14314,106,1,296,2,1,3,6
14317,64,1,255,3,1,3,7
14321,10,5,2406,5,5,5,15
14327,163,1,139,2,1,2,5
14331,124,2,252,2,3,3,8
14332,22,3,481,4,4,4,12
14335,16,2,379,5,3,4,12
14336,16,4,1759,5,5,5,15
14340,218,1,58,1,1,1,3
14344,127,8,477,2,5,4,11
14345,38,1,50,4,1,1,6
14346,120,2,605,2,3,4,9
14348,260,1,183,1,1,2,4
14349,10,1,86,5,1,1,7
14351,164,1,12,2,1,1,4
14352,157,4,538,2,5,4,11
14353,215,1,64,1,1,1,3
14354,5,2,210,5,3,3,11
14355,365,1,92,1,1,1,3
14357,43,1,148,4,1,2,7
14360,31,4,1151,4,5,5,14
14362,22,1,100,4,1,1,6
14364,108,8,1967,2,5,5,12
14368,319,1,36,1,1,1,3
14371,295,1,34,1,1,1,3
14373,358,1,17,1,1,1,3
14375,185,1,194,2,1,2,5
14377,191,2,219,2,3,3,8
14379,44,2,292,4,3,3,10
14381,52,1,146,3,1,2,6
14382,26,1,1237,4,1,5,10
14383,38,3,817,4,4,5,13
14385,9,3,159,5,4,2,11
14386,296,1,54,1,1,1,3
14387,32,3,819,4,4,5,13
14393,218,1,13,1,1,1,3
14396,65,2,225,3,3,3,9
14406,119,1,77,2,1,1,4
14408,10,7,1616,5,5,5,15
14411,310,1,196,1,1,3,5
14413,362,1,68,1,1,1,3
14416,22,2,326,4,3,3,10
14418,3,3,1711,5,4,5,14
14419,10,6,487,5,5,4,14
14421,57,2,365,3,3,4,10
14422,0,6,2906,5,5,5,15
14423,218,1,120,1,1,2,4
14424,17,1,48,5,1,1,7
14427,50,2,228,3,3,3,9
14432,9,6,2070,5,5,5,15
14434,21,6,368,4,5,4,13
14436,98,1,129,2,1,2,5
14438,306,1,82,1,1,1,3
14439,319,1,526,1,1,4,6
14440,8,5,588,5,5,4,14
14446,0,4,933,5,5,5,15
14447,18,5,571,5,5,4,14
14448,9,2,104,5,3,2,10
14449,18,4,757,5,5,5,15
14450,180,3,241,2,4,3,9
14451,60,2,389,3,3,4,10
14452,10,2,119,5,3,2,10
14453,190,1,49,2,1,1,4
14457,310,1,88,1,1,1,3
14459,155,1,760,2,1,5,8
14461,148,3,766,2,4,5,11
14463,98,3,179,2,4,2,8
14465,246,3,405,1,4,4,9
14466,29,7,1006,4,5,5,14
14467,17,4,278,5,5,3,13
14470,11,2,193,5,3,2,10
14472,103,8,1160,2,5,5,12
14473,74,2,88,3,3,1,7
14476,257,1,132,1,1,2,4
14479,253,2,117,1,3,2,6
14480,11,1,143,5,1,2,8
14481,164,2,489,2,3,4,9
14482,18,6,1646,5,5,5,15
14484,50,1,210,3,1,3,7
14485,38,1,71,4,1,1,6
14489,207,1,299,2,1,3,6
14491,175,2,139,2,3,2,7
14494,25,1,92,4,1,1,6
14495,50,2,62,3,3,1,7
14496,311,2,159,1,3,2,6
14498,42,5,1098,4,5,5,14
14499,26,3,501,4,4,4,12
14500,88,3,117,3,4,2,9
14503,3,6,2004,5,5,5,15
14504,47,4,308,3,5,3,11
14506,17,5,730,5,5,5,15
14508,22,2,131,4,3,2,9
14512,187,2,122,2,3,2,7
14514,61,3,589,3,4,4,11
14515,17,6,1134,5,5,5,15
14517,33,2,91,4,3,1,8
14518,64,1,278,3,1,3,7
14520,1,2,146,5,3,2,10
14522,24,4,525,4,5,4,13
14523,108,1,251,2,1,3,6
14524,31,9,676,4,5,4,13
14528,37,1,278,4,1,3,8
14529,60,3,348,3,4,4,11
14530,25,6,1410,4,5,5,14
14532,236,4,284,1,5,3,9
14536,259,1,40,1,1,1,3
14537,57,1,120,3,1,2,6
14538,64,2,155,3,3,2,8
14539,15,2,428,5,3,4,12
14540,9,3,421,5,4,4,13
14541,58,8,647,3,5,4,12
14542,185,1,19,2,1,1,4
14544,24,2,1543,4,3,5,12
14548,150,2,256,2,3,3,8
14549,311,1,136,1,1,2,4
14550,10,2,394,5,3,4,12
14551,18,2,106,5,3,2,10
14552,151,1,91,2,1,1,4
14553,19,5,493,4,5,4,13
14554,10,4,1478,5,5,5,15
14555,57,2,130,3,3,2,8
14561,75,3,1014,3,4,5,12
14566,110,1,800,2,1,5,8
14569,1,1,79,5,1,1,7
14570,280,2,95,1,3,1,5
14576,372,1,12,1,1,1,3
14577,12,4,353,5,5,4,14
14578,3,1,240,5,1,3,9
14581,16,1,217,5,1,3,9
14582,40,1,73,4,1,1,6
14583,5,5,792,5,5,5,15
14585,50,1,91,3,1,1,5
14589,371,1,5,1,1,1,3
14591,15,4,1297,5,5,5,15
14592,35,3,415,4,4,4,12
14593,21,3,332,4,4,3,11
14594,7,2,185,5,3,2,10
14595,19,6,978,4,5,5,14
14597,11,2,577,5,3,4,12
14598,44,1,189,4,1,2,7
14600,305,1,125,1,1,2,4
14601,10,1,168,5,1,2,8
14603,274,1,400,1,1,4,6
14608,4,4,437,5,5,4,14
14609,72,4,7026,3,5,5,13
14616,242,3,104,1,4,2,7
14622,184,1,146,2,1,2,5
14624,57,2,162,3,3,2,8
14628,91,2,272,2,3,3,8
14631,50,3,622,3,4,4,11
14632,262,1,96,1,1,1,3
14633,266,1,96,1,1,1,3
14636,36,2,241,4,3,3,10
14638,50,1,166,3,1,2,6
14641,21,1,90,4,1,1,6
14642,58,1,76,3,1,1,5
14645,156,2,381,2,3,4,9
14647,201,1,95,2,1,1,4
14649,4,4,1018,5,5,5,15
14651,67,2,344,3,3,4,10
14652,77,1,53,3,1,1,5
14653,1,7,950,5,5,5,15
14656,169,2,120,2,3,2,7
14658,5,2,47,5,3,1,9
14660,86,2,228,3,3,3,9
14661,26,1,35,4,1,1,6
14662,28,4,602,4,5,4,13
14664,19,2,466,4,3,4,11
14666,24,1,161,4,1,2,7
14669,241,3,775,1,4,5,10
14670,280,2,337,1,3,3,7
14672,234,2,454,1,3,4,8
14673,3,5,1004,5,5,5,15
14675,16,1,341,5,1,3,9
14681,71,3,76,3,4,1,8
14682,187,2,80,2,3,1,6
14684,25,5,853,4,5,5,14
14687,106,1,470,2,1,4,7
14689,208,1,76,2,1,1,4
14691,30,5,707,4,5,5,14
14693,264,1,34,1,1,1,3
14697,218,2,181,1,3,2,6
14698,1,5,615,5,5,4,14
14699,214,1,77,1,1,1,3
14700,32,3,1342,4,4,5,13
14703,14,1,183,5,1,2,8
14704,11,9,1082,5,5,5,15
14705,198,1,100,2,1,1,4
14710,14,4,378,5,5,4,14
14712,29,3,315,4,4,3,11
14714,24,1,229,4,1,3,8
14715,24,4,521,4,5,4,13
14716,43,2,604,4,3,4,11
14720,5,3,219,5,4,3,12
14722,147,1,120,2,1,2,5
14723,10,6,695,5,5,4,14
14725,24,1,593,4,1,4,9
14727,274,1,62,1,1,1,3
14729,373,1,197,1,1,3,5
14730,1,8,1132,5,5,5,15
14731,47,3,256,3,4,3,10
14737,3,3,345,5,4,4,13
14741,11,6,841,5,5,5,15
14752,43,1,260,4,1,3,8
14753,87,1,211,3,1,3,7
14754,44,2,486,4,3,4,11
14756,15,1,416,5,1,4,10
14757,75,1,160,3,1,2,6
14758,144,4,419,2,5,4,11
14759,4,3,569,5,4,4,13
14761,58,2,118,3,3,2,8
14762,263,1,341,1,1,3,5
14765,29,3,135,4,4,2,10
14770,232,2,490,1,3,4,8
14772,112,1,82,2,1,1,4
14775,58,3,1174,3,4,5,12
14778,127,2,306,2,3,3,8
14779,280,3,84,1,4,1,6
14780,54,2,310,3,3,3,9
14782,319,1,114,1,1,2,4
14784,26,2,237,4,3,3,10
14785,10,2,84,5,3,1,9
14788,7,2,421,5,3,4,12
14789,28,1,116,4,1,2,7
14790,16,4,699,5,5,4,14
14795,166,1,17,2,1,1,4
14798,52,3,150,3,4,2,9
14799,51,1,146,3,1,2,6
14801,61,1,175,3,1,2,6
14803,162,3,370,2,4,4,10
14804,8,1,121,5,1,2,8
14805,15,4,115,5,5,2,12
14806,75,1,330,3,1,3,7
14810,40,11,1016,4,5,5,14
14813,369,2,67,1,3,1,5
14815,36,2,744,4,3,5,12
14816,197,1,5,2,1,1,4
14817,200,2,655,2,3,4,9
14818,73,3,324,3,4,3,10
14819,64,2,109,3,3,2,8
14820,21,4,253,4,5,3,12
14821,366,1,20,1,1,1,3
14823,180,3,88,2,4,1,7
14824,10,4,525,5,5,4,14
14825,3,12,991,5,5,5,15
14828,196,3,2172,2,4,5,11
14830,53,1,169,3,1,2,6
14836,10,3,45,5,4,1,10
14840,267,1,31,1,1,1,3
14841,53,6,1778,3,5,5,13
14844,63,4,1833,3,5,5,13
14847,148,1,120,2,1,2,5
14851,23,2,325,4,3,3,10
14852,58,6,1747,3,5,5,13
14855,119,2,267,2,3,3,8
14856,36,3,714,4,4,5,13
14861,52,1,117,3,1,2,6
14862,25,2,772,4,3,5,12
14863,29,1,132,4,1,2,7
14865,7,2,108,5,3,2,10
14870,261,1,119,1,1,2,4
14871,3,4,185,5,5,2,12
14873,210,1,168,2,1,2,5
14878,12,9,802,5,5,5,15
14880,77,3,373,3,4,4,11
14881,19,1,316,4,1,3,8
14882,26,2,158,4,3,2,9
14885,131,1,724,2,1,5,8
14886,252,1,160,1,1,2,4
14887,79,1,1100,3,1,5,9
14888,207,1,184,2,1,2,5
14889,336,1,90,1,1,1,3
14890,253,1,51,1,1,1,3
14891,148,2,505,2,3,4,9
14893,9,2,799,5,3,5,13
14894,85,1,265,3,1,3,7
14896,204,2,279,2,3,3,8
14897,7,4,468,5,5,4,14
14904,2,2,1985,5,3,5,13
14908,74,1,132,3,1,2,6
14913,35,4,1743,4,5,5,14
14918,115,2,675,2,3,4,9
14920,212,2,509,1,3,4,8
14921,30,2,953,4,3,5,12
14923,50,1,418,3,1,4,8
14924,245,1,64,1,1,1,3
14929,32,1,136,4,1,2,7
14930,108,3,1166,2,4,5,11
14932,365,1,80,1,1,1,3
14935,297,1,935,1,1,5,7
14946,14,1,22,5,1,1,7
14947,72,2,179,3,3,2,8
14951,79,1,311,3,1,3,7
14953,25,1,225,4,1,3,8
14954,12,1,127,5,1,2,8
14957,253,1,34,1,1,1,3
14958,147,3,129,2,4,2,8
14960,8,2,221,5,3,3,11
14962,270,1,44,1,1,1,3
14963,9,5,1176,5,5,5,15
14964,247,1,143,1,1,2,4
14965,96,2,365,2,3,4,9
14966,14,1,187,5,1,2,8
14967,49,1,140,3,1,2,6
14968,30,1,127,4,1,2,7
14970,68,4,250,3,5,3,11
14971,35,3,644,4,4,4,12
14972,128,1,28,2,1,1,4
14973,107,3,369,2,4,4,10
14974,37,1,44,4,1,1,6
14975,57,1,380,3,1,4,8
14978,72,5,525,3,5,4,12
14981,246,1,97,1,1,1,3
14984,19,2,60,4,3,1,8
14985,198,2,260,2,3,3,8
14987,15,2,128,5,3,2,10
14988,211,1,141,2,1,2,5
14995,38,2,103,4,3,2,9
14998,170,2,270,2,3,3,8
15000,47,1,218,3,1,3,7
15002,115,4,862,2,5,5,12
15004,147,1,630,2,1,4,7
15006,51,1,302,3,1,3,7
15007,159,1,69,2,1,1,4
15009,12,3,642,5,4,4,13
15010,35,1,184,4,1,2,7
15012,53,2,231,3,3,3,9
15014,43,2,151,4,3,2,9
15016,172,1,76,2,1,1,4
15017,33,1,63,4,1,1,6
15019,266,1,159,1,1,2,4
15022,11,4,543,5,5,4,14
15024,9,10,920,5,5,5,15
15025,33,1,189,4,1,2,7
15026,80,3,285,3,4,3,10
15028,8,4,459,5,5,4,14
15030,71,2,372,3,3,4,10
15031,4,4,401,5,5,4,14
15035,89,1,245,3,1,3,7
15036,72,3,327,3,4,3,10
15041,170,1,104,2,1,2,5
15042,199,1,30,2,1,1,4
15043,31,1,300,4,1,3,8
15047,269,1,222,1,1,3,5
15049,273,1,63,1,1,1,3
15051,23,3,1011,4,4,5,13
15052,319,1,82,1,1,1,3
15053,4,3,986,5,4,5,14
15054,12,2,198,5,3,3,11
15057,275,2,668,1,3,4,8
15058,25,11,1069,4,5,5,14
15060,8,4,263,5,5,3,13
15062,71,4,763,3,5,5,13
15063,213,1,56,1,1,1,3
15067,78,3,954,3,4,5,12
15068,46,2,364,3,3,4,10
15069,179,1,520,2,1,4,7
15070,372,1,36,1,2,1,4
15071,93,2,269,2,3,3,8
15074,105,1,455,2,2,4,8
15075,77,1,447,3,2,4,9
15076,172,1,571,2,2,4,8
15083,256,1,38,1,2,1,4
15087,281,1,470,1,2,4,7
15089,10,6,1359,5,5,5,15
15090,308,1,208,1,2,3,6
15092,215,2,135,1,3,2,6
15096,42,1,120,4,2,2,8
15097,4,1,170,5,2,2,9
15099,84,1,343,3,2,4,9
15103,31,2,329,4,3,3,10
15105,18,7,1211,5,5,5,15
15111,29,3,710,4,4,5,13
15114,30,10,3096,4,5,5,14
15115,18,1,157,5,2,2,9
15116,17,4,648,5,5,4,14
15118,134,1,1440,2,2,5,9
15119,245,1,88,1,2,1,4
15121,50,2,199,3,3,3,9
15123,7,2,1195,5,3,5,13
15124,22,2,233,4,3,3,10
15127,65,1,251,3,2,3,8
15129,50,11,1794,3,5,5,13
15130,169,1,197,2,2,3,7
15132,18,5,679,5,5,4,14
15133,127,3,680,2,4,4,10
15134,14,8,887,5,5,5,15
15139,239,2,208,1,3,3,7
15142,46,1,365,3,2,4,9
15143,225,1,150,1,2,2,5
15145,4,4,756,5,5,5,15
15148,10,1,187,5,2,2,9
15149,133,1,128,2,2,2,6
15153,31,1,198,4,2,3,9
15156,1,3,597,5,4,4,13
15158,45,1,198,4,2,3,9
15160,357,1,84,1,2,1,4
15163,18,2,186,5,3,2,10
15164,68,3,360,3,4,4,11
15165,373,1,160,1,2,2,5
15167,320,1,67,1,2,1,4
15168,25,1,52,4,2,1,7
15172,8,5,1611,5,5,5,15
15174,322,1,145,1,2,2,5
15175,71,1,454,3,2,4,9
15178,260,1,30,1,2,1,4
15180,367,1,36,1,2,1,4
15182,154,2,253,2,3,3,8
15184,29,2,223,4,3,3,10
15185,70,1,666,3,2,4,9
15186,14,2,215,5,3,3,11
15192,119,3,918,2,4,5,11
15193,60,1,144,3,2,2,7
15195,2,1,1404,5,2,5,12
15198,92,2,120,2,3,2,7
15199,59,4,396,3,5,4,12
15203,25,6,1753,4,5,5,14
15204,357,1,258,1,2,3,6
15206,10,4,162,5,5,2,12
15210,225,1,228,1,2,3,6
15211,60,2,240,3,3,3,9
15214,1,8,1254,5,5,5,15
15216,87,1,28,3,2,1,6
15218,10,11,3329,5,5,5,15
15219,176,1,45,2,2,1,5
15222,318,1,440,1,2,4,7
15225,234,1,226,1,2,3,6
15226,310,1,71,1,2,1,4
15227,36,5,750,4,5,5,14
15230,239,2,351,1,3,4,8
15232,113,2,686,2,3,4,9
15234,276,1,196,1,2,3,6
15235,217,12,1324,1,5,5,11
15236,298,1,269,1,2,3,6
15237,1,4,1071,5,5,5,15
15243,74,1,185,3,2,2,7
15244,65,2,405,3,3,4,10
15245,134,3,1784,2,4,5,11
15246,238,2,247,1,3,3,7
15247,122,1,160,2,2,2,6
15252,36,2,522,4,3,4,11
15254,127,1,275,2,2,3,7
15255,66,1,489,3,2,4,9
15256,148,1,55,2,2,1,5
15258,168,2,142,2,3,2,7
15261,135,1,270,2,2,3,7
15262,323,1,73,1,2,1,4
15263,106,1,89,2,2,1,5
15264,64,1,265,3,2,3,8
15265,151,2,612,2,3,4,9
15266,338,1,18,1,2,1,4
15267,22,5,944,4,5,5,14
15269,23,1,26,4,2,1,7
15272,57,2,310,3,3,3,9
15274,4,2,619,5,3,4,12
15276,66,1,64,3,2,1,6
15277,46,1,205,3,2,3,8
15280,172,1,154,2,2,2,6
15286,49,1,55,3,2,1,6
15288,43,5,775,4,5,5,14
15292,201,1,56,2,2,1,5
15300,64,1,292,3,2,3,8
15303,290,1,248,1,2,3,6
15306,64,3,810,3,4,5,12
15307,95,1,37,2,2,1,5
15313,110,1,25,2,2,1,5
15314,199,1,313,2,2,3,7
15316,326,1,100,1,2,1,4
15318,3,1,642,5,2,4,11
15319,283,1,175,1,2,2,5
15320,44,1,326,4,2,3,9
15325,103,1,232,2,2,3,7
15326,333,1,386,1,2,4,7
15327,52,1,116,3,2,2,7
15330,32,2,1312,4,3,5,12
15332,366,4,652,1,5,4,10
15333,208,1,344,2,2,4,8
15334,156,3,274,2,4,3,9
15335,53,1,80,3,2,1,6
15341,80,1,812,3,2,5,10
15343,87,1,84,3,2,1,6
15346,332,1,144,1,2,2,5
15347,366,1,130,1,2,2,5
15348,72,1,84,3,2,1,6
15349,158,2,327,2,3,3,8
15350,373,1,51,1,2,1,4
15353,254,2,343,1,3,4,8
15355,29,2,45,4,3,1,8
15356,31,10,1673,4,5,5,14
15360,39,1,223,4,2,3,9
15361,361,1,336,1,2,3,6
15364,95,2,493,2,3,4,9
15366,75,2,621,3,3,4,10
15368,21,1,230,4,2,3,9
15372,137,1,2924,2,2,5,9
15374,128,1,126,2,2,2,6
15376,40,3,619,4,4,4,12
15381,213,2,171,1,3,2,6
15385,40,1,161,4,2,2,8
15386,186,1,446,2,2,4,8
15388,270,1,88,1,2,1,4
15389,172,1,400,2,2,4,8
15393,16,2,150,5,3,2,10
15394,9,4,910,5,5,5,15
15395,325,1,17,1,2,1,4
15396,112,1,122,2,2,2,6
15397,289,1,20,1,2,1,4
15399,1,3,611,5,4,4,13
15402,148,2,694,2,3,4,9
15405,189,1,193,2,2,2,6
15407,33,4,558,4,5,4,13
15408,264,1,106,1,2,2,5
15410,84,8,1200,3,5,5,13
15412,171,1,108,2,2,2,6
15414,9,3,443,5,4,4,13
15415,313,1,575,1,2,4,7
15417,85,1,284,3,2,3,8
15419,24,1,230,4,2,3,9
15421,58,4,500,3,5,4,12
15422,323,2,38,1,3,1,5
15423,38,1,101,4,2,1,7
15424,254,2,554,1,3,4,8
15427,33,3,1013,4,4,5,13
15428,15,1,102,5,2,2,9
15432,23,1,65,4,2,1,7
15435,22,1,54,4,2,1,7
15436,12,3,613,5,4,4,13
15437,262,1,79,1,2,1,4
15438,131,1,59,2,2,1,5
15440,54,3,197,3,4,3,10
15442,248,1,120,1,2,2,5
15444,9,2,764,5,3,5,13
15445,264,1,58,1,2,1,4
15447,330,1,85,1,2,1,4
15448,312,1,232,1,2,3,6
15450,30,1,376,4,2,4,10
15452,29,3,283,4,4,3,11
15453,1,7,845,5,5,5,15
15454,362,1,86,1,2,1,4
15456,283,3,660,1,4,4,9
15457,262,1,132,1,2,2,5
15458,25,1,156,4,2,2,8
15460,354,1,109,1,2,2,5
15462,94,3,172,2,4,2,8
15463,29,1,106,4,2,2,8
15464,338,1,350,1,2,4,7
15466,85,1,246,3,2,3,8
15471,2,1,266,5,2,3,10
15472,113,1,251,2,2,3,7
15475,77,1,319,3,2,3,8
15478,40,2,585,4,3,4,11
15480,116,1,303,2,2,3,7
15483,161,4,295,2,5,3,10
15485,30,3,1306,4,4,5,13
15488,92,1,73,2,2,1,5
15492,28,2,483,4,3,4,11
15494,21,2,1148,4,3,5,12
15500,8,4,572,5,5,4,14
15503,362,1,74,1,2,1,4
15504,81,1,33,3,2,1,6
15506,22,3,848,4,4,5,13
15507,171,1,162,2,2,2,6
15508,189,6,440,2,5,4,11
15510,330,1,2,1,2,1,4
15511,11,5,271,5,5,3,13
15512,155,2,68,2,3,1,6
15516,44,3,27,4,4,1,9
15517,233,1,293,1,2,3,6
15520,1,1,314,5,2,3,10
15522,32,2,573,4,3,4,11
15523,84,1,132,3,2,2,7
15524,24,1,4,4,2,1,7
15526,33,2,24,4,3,1,8
15528,254,1,123,1,2,2,5
15530,21,4,950,4,5,5,14
15531,8,2,1105,5,3,5,13
15537,163,1,29,2,2,1,5
15539,7,1,410,5,2,4,11
15540,11,1,200,5,2,3,10
15541,114,1,49,2,2,1,5
15543,288,1,86,1,2,1,4
15545,54,2,163,3,3,2,8
15547,7,14,4032,5,5,5,15
15550,4,4,295,5,5,3,13
15551,36,1,218,4,2,3,9
15552,217,1,60,1,2,1,4
15553,60,1,451,3,2,4,9
15554,277,1,74,1,2,1,4
15556,24,1,236,4,2,3,9
15557,28,1,219,4,2,3,9
15562,351,1,39,1,2,1,4
15565,50,2,60,3,3,1,7
15567,18,1,223,5,2,3,10
15568,2,3,461,5,4,4,13
15569,103,5,666,2,5,4,11
15571,11,4,264,5,5,3,13
15572,4,7,1229,5,5,5,15
15573,31,2,363,4,3,4,11
15574,177,4,349,2,5,4,11
15576,37,1,404,4,2,4,10
15577,151,3,89,2,4,1,7
15578,162,1,52,2,2,1,5
15579,68,2,120,3,3,2,8
15582,24,3,453,4,4,4,12
15585,176,1,320,2,2,3,7
15587,50,4,312,3,5,3,11
15592,46,1,354,3,2,4,9
15593,70,1,60,3,2,1,6
15599,26,2,718,4,3,5,12
15603,78,1,96,3,2,1,6
15604,52,1,159,3,2,2,7
15605,36,5,441,4,5,4,13
15607,336,1,202,1,2,3,6
15608,28,4,714,4,5,5,14
15610,51,1,66,3,2,1,6
15612,36,2,52,4,3,1,8
15619,10,1,136,5,2,2,9
15623,141,1,125,2,2,2,6
15624,116,4,357,2,5,4,11
15626,74,2,766,3,3,5,11
15634,17,1,99,5,2,1,8
15636,89,2,284,3,3,3,9
15637,52,1,128,3,2,2,7
15639,134,1,323,2,2,3,7
15641,105,4,1562,2,5,5,12
15644,166,4,557,2,5,4,11
15645,18,1,256,5,2,3,10
15649,336,2,192,1,3,2,6
15651,36,3,479,4,4,4,12
15652,91,1,208,2,2,3,7
15653,92,2,1200,2,3,5,10
15654,9,2,475,5,3,4,12
15656,45,4,343,4,5,4,13
15657,22,1,24,4,2,1,7
15659,43,1,111,4,2,2,8
15661,317,2,236,1,3,3,7
15663,106,1,106,2,2,2,6
15665,168,2,1666,2,3,5,10
15667,39,1,240,4,2,3,9
15668,217,1,72,1,2,1,4
15670,296,1,91,1,2,1,4
15673,88,4,1514,3,5,5,13
15675,81,3,527,3,4,4,11
15677,49,1,319,3,2,3,8
15678,52,1,184,3,2,2,7
15679,24,4,1170,4,5,5,14
15680,9,3,952,5,4,5,14
15683,117,1,131,2,2,2,6
15689,119,2,84,2,3,1,6
15690,4,2,408,5,3,4,12
15691,252,1,72,1,2,1,4
15692,28,1,138,4,2,2,8
15695,266,2,212,1,3,3,7
15699,17,1,113,5,2,2,9
15701,2,4,923,5,5,5,15
15703,264,1,66,1,2,1,4
15704,140,4,1028,2,5,5,12
15705,201,1,62,2,2,1,5
15707,35,4,605,4,5,4,13
15709,283,1,121,1,2,2,5
15712,9,5,486,5,5,4,14
15714,11,2,187,5,3,2,10
15716,145,4,744,2,5,5,12
15717,234,1,70,1,2,1,4
15720,24,1,281,4,2,3,9
15721,11,1,409,5,2,4,11
15723,364,1,87,1,2,1,4
15725,15,1,221,5,2,3,10
15727,16,7,3065,5,5,5,15
15732,212,2,215,1,3,3,7
15733,282,1,62,1,2,1,4
15734,114,2,346,2,3,4,9
15739,66,1,472,3,2,4,9
15740,49,1,152,3,2,2,7
15743,16,4,216,5,5,3,13
15744,77,1,120,3,2,2,7
15747,12,3,480,5,4,4,13
15748,40,1,51,4,2,1,7
15753,304,1,144,1,2,2,5
15756,61,4,242,3,5,3,11
15757,65,2,491,3,3,4,10
15758,24,1,47,4,2,1,7
15759,218,3,60,1,4,1,6
15762,65,2,251,3,3,3,9
15766,64,1,170,3,2,2,7
15773,5,1,311,5,2,3,10
15774,68,1,87,3,2,1,6
15775,245,1,68,1,2,1,4
15776,133,1,138,2,2,2,6
15780,183,3,220,2,4,3,9
15783,10,1,212,5,2,3,10
15787,26,3,540,4,4,4,12
15789,358,1,438,1,2,4,7
15790,10,1,114,5,2,2,9
15795,149,1,581,2,2,4,8
15797,113,4,873,2,5,5,12
15799,75,3,955,3,4,5,12
15800,107,2,335,2,3,3,8
15803,51,1,290,3,2,3,8
15806,46,3,602,3,4,4,11
15807,50,3,430,3,4,4,11
15812,107,5,922,2,5,5,12
15813,207,2,603,2,3,4,9
15815,63,5,1856,3,5,5,13
15819,49,4,1357,3,5,5,13
15820,319,1,128,1,2,2,5
15821,44,2,202,4,3,3,10
15822,3,2,375,5,3,4,12
15825,172,1,220,2,2,3,7
15829,99,2,996,2,3,5,10
15832,254,1,465,1,2,4,7
15835,44,4,439,4,5,4,13
15837,64,1,189,3,2,2,7
15843,303,1,27,1,2,1,4
15844,46,1,134,3,2,2,7
15847,38,2,449,4,3,4,11
15850,19,2,302,4,3,3,10
15852,186,2,48,2,3,1,6
15853,51,1,135,3,2,2,7
15854,4,12,939,5,5,5,15
15855,136,5,470,2,5,4,11
15857,18,1,308,5,2,3,10
15858,15,5,1167,5,5,5,15
15860,40,8,440,4,5,4,13
15862,8,4,585,5,5,4,14
15863,25,2,19,4,3,1,8
15865,40,3,368,4,4,4,12
15866,101,1,126,2,2,2,6
15869,277,2,175,1,3,2,6
15870,32,1,335,4,2,3,9
15872,14,2,212,5,3,3,11
15883,2,2,223,5,3,3,11
15885,92,3,111,2,4,2,8
15886,60,1,147,3,2,2,7
15889,156,2,215,2,3,3,8
15891,226,1,442,1,2,4,7
15894,253,2,168,1,3,2,6
15895,149,1,94,2,2,1,5
15897,194,2,261,2,3,3,8
15899,368,1,39,1,2,1,4
15900,23,1,221,4,2,3,9
15901,16,3,384,5,4,4,13
15904,8,1,84,5,2,1,8
15907,3,3,509,5,4,4,13
15909,173,1,98,2,2,1,5
15910,0,8,1015,5,5,5,15
15912,178,2,185,2,3,2,7
15917,247,1,42,1,2,1,4
15918,190,2,153,2,3,2,7
15919,19,2,545,4,3,4,11
15920,154,4,99,2,5,1,8
15921,172,1,166,2,2,2,6
15923,372,1,122,1,2,2,5
15925,194,1,93,2,2,1,5
15930,67,1,139,3,2,2,7
15933,21,3,885,4,4,5,13
15935,239,2,115,1,3,2,6
15937,64,1,73,3,2,1,6
15938,112,5,240,2,5,3,10
15942,133,1,232,2,2,3,7
15944,276,1,50,1,2,1,4
15945,365,1,52,1,2,1,4
15947,82,1,898,3,2,5,10
15948,8,2,567,5,3,4,12
15949,16,2,284,5,3,3,11
15952,33,4,399,4,5,4,13
15957,31,1,211,4,2,3,9
15958,74,1,33,3,2,1,6
15963,19,2,298,4,3,3,10
15965,17,4,453,5,5,4,14
15967,23,2,211,4,3,3,10
15970,303,1,116,1,2,2,5
15971,17,12,1717,5,5,5,15
15975,84,1,243,3,2,3,8
15976,165,2,277,2,3,3,8
15977,17,2,1016,5,3,5,13
15978,77,1,888,3,2,5,10
15980,88,3,1560,3,4,5,12
15981,24,8,1866,4,5,5,14
15983,22,4,892,4,5,5,14
15986,30,1,268,4,2,3,9
15987,12,7,1556,5,5,5,15
15988,19,1,181,4,2,2,8
15990,44,2,443,4,3,4,11
15992,3,1,17,5,2,1,8
15994,54,1,177,3,2,2,7
16000,2,3,5110,5,4,5,14
16003,29,5,1185,4,5,5,14
16005,12,4,300,5,5,3,13
16006,211,1,84,2,2,1,5
16007,47,4,1393,3,5,5,13
16008,23,3,323,4,4,3,11
16009,22,4,378,4,5,4,13
16010,245,3,210,1,4,3,8
16011,8,16,2042,5,5,5,15
16012,35,3,799,4,4,5,13
16017,47,1,102,3,2,2,7
16018,39,2,190,4,3,2,9
16020,16,3,487,5,4,4,13
16022,260,1,261,1,2,3,6
16023,46,3,358,3,4,4,11
16024,12,1,398,5,2,4,11
16025,29,1,338,4,2,3,9
16026,43,1,243,4,2,3,9
16030,309,1,283,1,2,3,6
16031,92,2,423,2,3,4,9
16034,196,3,242,2,4,3,9
16036,87,2,716,3,3,5,11
16037,269,3,428,1,4,4,9
16040,65,3,684,3,4,4,11
16041,30,3,1584,4,4,5,13
16043,37,4,503,4,5,4,13
16045,119,4,897,2,5,5,12
16049,40,3,793,4,4,5,13
16050,173,1,278,2,2,3,7
16052,54,1,282,3,2,3,8
16053,32,2,1793,4,3,5,12
16054,145,1,380,2,2,4,8
16055,220,1,22,1,2,1,4
16056,45,1,347,4,2,4,10
16059,65,6,643,3,5,4,12
16062,9,4,800,5,5,5,15
16063,260,1,262,1,2,3,6
16065,365,1,231,1,2,3,6
16066,16,5,936,5,5,5,15
16070,22,2,457,4,3,4,11
16071,44,1,180,4,2,2,8
16072,288,1,140,1,2,2,5
16078,283,1,16,1,2,1,4
16079,16,3,864,5,4,5,14
16081,56,5,1477,3,5,5,13
16083,100,2,908,2,3,5,10
16084,299,1,216,1,2,3,6
16085,23,5,636,4,5,4,13
16091,154,2,154,2,3,2,7
16093,106,1,20,2,2,1,5
16096,264,1,155,1,2,2,5
16097,240,1,87,1,2,1,4
16098,87,7,613,3,5,4,12
16099,50,3,434,3,4,4,11
16102,42,3,942,4,4,5,13
16103,7,6,558,5,5,4,14
16104,61,1,123,3,2,2,7
16105,248,1,330,1,2,3,6
16106,65,1,74,3,2,1,6
16107,17,7,1176,5,5,5,15
16109,218,2,612,1,3,4,8
16110,45,3,733,4,4,5,13
16112,143,4,574,2,5,4,11
16113,183,1,176,2,2,2,6
16114,170,1,43,2,2,1,5
16115,9,8,1001,5,5,5,15
16117,189,1,130,2,2,2,6
16119,8,2,240,5,3,3,11
16121,57,2,586,3,3,4,10
16122,73,4,1128,3,5,5,13
16123,51,1,170,3,2,2,7
16125,367,1,124,1,2,2,5
16126,29,4,2125,4,5,5,14
16127,39,1,323,4,2,3,9
16128,17,5,988,5,5,5,15
16131,51,6,1802,3,5,5,13
16135,262,1,209,1,2,3,6
16136,59,3,440,3,4,4,11
16139,18,3,330,5,4,3,12
16141,88,1,238,3,2,3,8
16142,249,1,422,1,2,4,7
16144,246,1,16,1,2,1,4
16146,157,3,427,2,4,4,10
16147,133,1,246,2,2,3,7
16148,296,1,72,1,2,1,4
16149,4,2,308,5,3,3,11
16152,268,1,642,1,2,4,7
16153,49,5,1073,3,5,5,13
16159,281,1,236,1,2,3,6
16162,252,1,4,1,2,1,4
16169,8,4,1325,5,5,5,15
16171,59,1,24,3,2,1,6
16172,95,5,787,2,5,5,12
16174,126,3,651,2,4,4,10
16175,94,4,533,2,5,4,11
16177,50,1,95,3,2,1,6
16178,138,1,94,2,2,1,5
16179,60,1,99,3,2,1,6
16181,73,1,152,3,2,2,7
16182,72,4,3791,3,5,5,13
16183,67,1,113,3,2,2,7
16185,16,2,260,5,3,3,11
16188,44,4,782,4,5,5,14
16189,15,2,134,5,3,2,10
16190,40,1,88,4,2,1,7
16193,236,1,219,1,2,3,6
16198,75,1,129,3,2,2,7
16200,4,2,523,5,4,4,13
16202,360,1,191,1,2,2,5
16204,23,1,231,4,2,3,9
16205,30,4,517,4,5,4,13
16206,54,4,272,3,5,3,11
16207,25,1,140,4,2,2,8
16208,44,2,333,4,4,3,11
16209,88,5,1179,3,5,5,13
16210,1,18,7559,5,5,5,15
16213,78,1,48,3,2,1,6
16214,170,3,420,2,4,4,10
16215,80,1,104,3,2,2,7
16216,267,1,254,1,2,3,6
16221,36,3,717,4,4,5,13
16222,318,1,365,1,2,4,7
16224,57,4,1116,3,5,5,13
16225,44,5,493,4,5,4,13
16226,203,3,192,2,4,2,8
16229,87,2,318,3,4,3,10
16230,189,2,365,2,4,4,10
16236,78,1,184,3,2,2,7
16241,9,13,1453,5,5,5,15
16243,33,2,110,4,4,2,10
16244,211,2,855,2,4,5,11
16247,170,1,182,2,2,2,6
16248,61,1,78,3,2,1,6
16249,52,5,950,3,5,5,13
16250,261,2,208,1,4,3,8
16257,176,1,2,2,2,1,5
16258,45,5,2994,4,5,5,14
16260,50,1,311,3,2,3,8
16261,17,4,306,5,5,3,13
16266,73,7,398,3,5,4,12
16268,71,2,533,3,4,4,11
16270,353,1,688,1,2,4,7
16272,116,1,224,2,2,3,7
16274,373,1,155,1,2,2,5
16275,196,1,336,2,2,3,7
16276,176,1,420,2,2,4,8
16281,72,1,934,3,2,5,10
16282,339,1,114,1,2,2,5
16284,31,2,544,4,4,4,12
16287,169,1,298,2,2,3,7
16295,9,4,841,5,5,5,15
16298,22,3,198,4,4,3,11
16305,138,1,256,2,2,3,7
16308,37,4,8000,4,5,5,14
16311,17,2,394,5,4,4,13
16313,3,2,165,5,4,2,11
16315,330,1,75,1,2,1,4
16317,119,3,890,2,4,5,11
16318,35,1,199,4,2,3,9
16319,217,1,72,1,2,1,4
16320,172,2,732,2,4,5,11
16322,1,2,231,5,4,3,12
16323,196,1,50,2,2,1,5
16324,128,3,282,2,4,3,9
16327,14,6,2571,5,5,5,15
16333,7,22,32184,5,5,5,15
16337,36,1,87,4,2,1,7
16338,157,1,94,2,2,1,5
16339,284,1,23,1,2,1,4
16340,107,1,501,2,2,4,8
16342,75,4,157,3,5,2,10
16343,16,2,195,5,4,3,12
16344,158,1,18,2,2,1,5
16345,44,1,289,4,2,3,9
16347,11,2,353,5,4,4,13
16348,32,7,819,4,5,5,14
16349,290,1,9,1,2,1,4
16351,332,1,90,1,2,1,4
16352,17,2,300,5,4,3,12
16353,3,23,2006,5,5,5,15
16354,63,2,150,3,4,2,9
16357,33,3,246,4,4,3,11
16361,9,4,421,5,5,4,14
16363,53,1,52,3,2,1,6
16364,11,2,280,5,4,3,12
16365,17,9,504,5,5,4,14
16366,18,1,256,5,2,3,10
16367,37,2,647,4,4,4,12
16368,2,2,260,5,4,3,12
16369,18,3,1035,5,4,5,14
16370,82,4,647,3,5,4,12
16372,33,2,166,4,4,2,10
16374,66,2,240,3,4,3,10
16377,267,1,1500,1,2,5,8
16378,247,3,267,1,4,3,8
16380,61,1,1524,3,2,5,10
16383,74,2,475,3,4,4,11
16384,89,2,260,3,4,3,10
16385,60,3,261,3,4,3,10
16386,28,2,224,4,4,3,11
16387,322,1,44,1,2,1,4
16392,269,1,203,1,2,3,6
16395,60,5,1476,3,5,5,13
16399,19,2,264,4,4,3,11
16400,94,1,172,2,2,2,6
16402,264,2,149,1,4,2,7
16404,70,1,157,3,2,2,7
16405,302,2,187,1,4,2,7
16406,18,1,123,5,2,2,9
16407,12,10,1124,5,5,5,15
16409,36,5,1306,4,5,5,14
16411,19,2,132,4,4,2,10
16412,53,1,73,3,2,1,6
16413,56,1,148,3,2,2,7
16414,21,2,27,4,4,1,9
16415,44,1,187,4,2,2,8
16418,44,3,288,4,4,3,11
16423,24,1,230,4,2,3,9
16425,302,1,199,1,2,3,6
16426,2,10,1243,5,5,5,15
16427,263,2,156,1,4,2,7
16429,106,1,9,2,2,1,5
16430,57,1,103,3,2,2,7
16431,213,3,453,1,4,4,9
16432,64,1,276,3,2,3,8
16433,28,1,106,4,2,2,8
16434,29,7,767,4,5,5,14
16438,5,5,463,5,5,4,14
16440,7,5,2018,5,5,5,15
16441,67,2,173,3,4,2,9
16442,1,3,446,5,4,4,13
16445,33,1,111,4,2,2,8
16447,135,1,223,2,2,3,7
16448,198,1,78,2,2,1,5
16450,149,1,200,2,2,3,7
16451,87,1,120,3,2,2,7
16455,63,7,988,3,5,5,13
16456,99,5,1148,2,5,5,12
16457,218,1,140,1,2,2,5
16458,2,18,2154,5,5,5,15
16460,28,3,879,4,4,5,13
16461,177,1,49,2,2,1,5
16464,19,3,963,4,4,5,13
16466,33,7,789,4,5,5,14
16468,74,1,31,3,2,1,6
16469,23,4,273,4,5,3,12
16471,274,1,141,1,2,2,5
16475,88,4,319,3,5,3,11
16477,63,7,1415,3,5,5,13
16478,25,3,224,4,4,3,11
16479,10,2,102,5,4,2,11
16480,75,1,455,3,2,4,9
16482,15,1,346,5,2,4,11
16483,192,1,44,2,2,1,5
16485,77,1,235,3,2,3,8
16491,46,1,478,3,2,4,9
16494,296,1,675,1,2,4,7
16495,3,3,337,5,4,3,12
16497,49,6,1396,3,5,5,13
16500,4,6,123,5,5,2,12
16504,25,1,524,4,2,4,10
16505,31,1,576,4,2,4,10
16506,19,2,42,4,4,1,9
16509,296,1,64,1,2,1,4
16510,372,1,92,1,2,1,4
16511,21,3,417,4,4,4,12
16513,4,4,407,5,5,4,14
16515,52,5,833,3,5,5,13
16516,30,1,58,4,2,1,7
16517,277,1,96,1,2,1,4
16519,25,2,54,4,4,1,9
16526,171,1,106,2,2,2,6
16527,81,1,106,3,2,2,7
16528,3,1,171,5,2,2,9
16529,190,1,198,2,2,3,7
16531,22,7,915,4,5,5,14
16532,17,3,2016,5,4,5,14
16535,5,1,356,5,2,4,11
16539,2,4,477,5,5,4,14
16542,53,1,46,3,2,1,6
16545,164,1,78,2,2,1,5
16549,10,10,2365,5,5,5,15
16551,95,3,970,2,4,5,11
16552,242,2,219,1,4,3,8
16555,35,2,175,4,4,2,10
16556,66,7,1890,3,5,5,13
16557,24,2,111,4,4,2,10
16561,5,2,244,5,4,3,12
16563,53,1,486,3,2,4,9
16565,364,1,46,1,2,1,4
16567,194,2,996,2,4,5,11
16569,3,1,93,5,2,1,8
16574,71,1,416,3,2,4,9
16582,113,1,164,2,2,2,6
16583,373,1,111,1,2,2,5
16586,248,1,95,1,2,1,4
16587,232,1,71,1,2,1,4
16589,71,3,368,3,4,4,11
16591,68,1,41,3,2,1,6
16593,50,3,116,3,4,2,9
16594,75,1,64,3,2,1,6
16595,61,1,335,3,2,3,8
16596,15,2,97,5,4,1,10
16597,4,1,184,5,2,2,9
16600,4,6,1145,5,5,5,15
16601,40,1,134,4,2,2,8
16603,74,2,480,3,4,4,11
16610,219,1,66,1,2,1,4
16612,32,4,506,4,5,4,13
16613,70,1,293,3,2,3,8
16614,182,1,223,2,2,3,7
16616,15,2,370,5,4,4,13
16617,235,1,91,1,2,1,4
16620,3,2,88,5,4,1,10
16621,51,4,302,3,5,3,11
16623,245,1,39,1,2,1,4
16624,80,2,488,3,4,4,11
16625,274,1,164,1,2,2,5
16627,79,1,162,3,2,2,7
16629,73,2,493,3,4,4,11
16634,222,2,82,1,4,1,6
16641,105,1,256,2,2,3,7
16643,245,1,269,1,2,3,6
16644,177,2,826,2,4,5,11
16647,169,2,146,2,4,2,8
16650,71,1,372,3,2,4,9
16655,17,6,2367,5,5,5,15
16657,9,4,1229,5,5,5,15
16658,368,1,40,1,2,1,4
16659,189,1,72,2,2,1,5
16665,362,1,59,1,2,1,4
16666,19,1,233,4,2,3,9
16667,68,2,237,3,4,3,10
16668,15,6,318,5,5,3,13
16671,28,3,875,4,4,5,13
16674,54,2,188,3,4,2,9
16679,366,1,29,1,2,1,4
16680,43,1,94,4,2,1,7
16681,72,6,1407,3,5,5,13
16682,4,5,1040,5,5,5,15
16685,61,2,396,3,4,4,11
16688,1,4,804,5,5,5,15
16692,256,2,152,1,4,2,7
16693,68,2,204,3,4,3,10
16696,135,4,146,2,5,2,9
16697,241,1,27,1,2,1,4
16698,226,2,840,1,4,5,10
16706,37,3,249,4,4,3,11
16708,45,1,285,4,2,3,9
16709,84,5,851,3,5,5,13
16710,19,10,1836,4,5,5,14
16711,3,5,833,5,5,5,15
16712,9,11,1749,5,5,5,15
16715,78,1,642,3,2,4,9
16718,369,1,413,1,2,4,7
16720,26,1,182,4,2,2,8
16721,262,1,172,1,2,2,5
16723,91,2,399,2,4,4,10
16726,26,5,977,4,5,5,14
16727,364,1,177,1,2,2,5
16728,46,4,677,3,5,4,12
16732,31,1,317,4,2,3,9
16734,52,3,346,3,4,4,11
16737,53,1,288,3,2,3,8
16738,297,1,3,1,2,1,4
16744,11,7,805,5,5,5,15
16748,17,5,880,5,5,5,15
16750,44,5,214,4,5,3,12
16751,30,1,1031,4,2,5,11
16752,372,1,54,1,2,1,4
16753,58,1,189,3,2,2,7
16754,372,1,4280,1,2,5,8
16756,214,1,106,1,2,2,5
16757,318,1,81,1,2,1,4
16758,65,1,203,3,2,3,8
16761,96,1,341,2,2,3,7
16762,19,3,618,4,4,4,12
16765,294,1,4,1,2,1,4
16766,273,2,536,1,4,4,9
16767,30,11,4435,4,5,5,14
16769,260,1,83,1,2,1,4
16771,33,5,1489,4,5,5,14
16773,57,1,171,3,2,2,7
16775,10,11,440,5,5,4,14
16776,60,1,262,3,2,3,8
16777,80,2,64,3,4,1,8
16778,74,2,194,3,4,2,9
16780,100,2,271,2,4,3,9
16784,19,1,24,4,2,1,7
16788,123,2,311,2,4,3,9
16789,8,1,32,5,2,1,8
16792,282,2,44,1,4,1,6
16793,57,1,146,3,2,2,7
16795,365,1,239,1,2,3,6
16796,89,1,186,3,2,2,7
16800,11,1,540,5,2,4,11
16803,65,1,245,3,2,3,8
16804,23,3,246,4,4,3,11
16805,173,2,539,2,4,4,10
16806,103,4,378,2,5,4,11
16807,142,3,778,2,4,5,11
16808,99,2,196,2,4,3,9
16811,4,2,477,5,4,4,13
16812,360,1,81,1,2,1,4
16813,8,10,1525,5,5,5,15
16816,103,4,274,2,5,3,10
16820,95,1,307,2,2,3,7
16823,227,1,136,1,2,2,5
16824,15,2,236,5,4,3,12
16825,38,2,566,4,4,4,12
16826,51,1,158,3,2,2,7
16828,93,2,59,2,4,1,7
16829,156,1,99,2,2,1,5
16830,38,1,264,4,2,3,9
16832,184,3,33,2,4,1,7
16833,1,4,440,5,5,4,14
16834,227,1,358,1,2,4,7
16835,128,2,61,2,4,1,7
16836,39,2,165,4,4,2,10
16846,50,1,135,3,2,2,7
16847,43,1,78,4,2,1,7
16848,52,1,182,3,2,2,7
16849,186,1,33,2,2,1,5
16850,333,1,249,1,2,3,6
16851,4,3,271,5,4,3,12
16852,10,2,56,5,4,1,10
16855,23,2,164,4,4,2,10
16856,14,1,12,5,2,1,8
16866,140,3,60,2,4,1,7
16872,77,3,600,3,4,4,11
16877,12,6,463,5,5,4,14
16880,30,7,753,4,5,5,14
16881,66,1,600,3,2,4,9
16882,66,3,424,3,4,4,11
16883,187,2,104,2,4,2,8
16884,37,2,320,4,4,3,11
16885,15,3,184,5,4,2,11
16887,35,1,157,4,2,2,8
16889,194,3,925,2,4,5,11
16891,1,5,283,5,5,3,13
16893,366,1,62,1,2,1,4
16895,64,1,102,3,2,2,7
16899,7,6,522,5,5,4,14
16902,116,1,629,2,2,4,8
16903,29,1,262,4,2,3,9
16904,4,16,2034,5,5,5,15
16906,81,4,281,3,5,3,11
16907,29,5,298,4,5,3,12
16910,4,8,886,5,5,5,15
16913,290,1,82,1,2,1,4
16914,36,1,121,4,2,2,8
16915,9,6,132,5,5,2,12
16916,23,2,440,4,4,4,12
16917,276,1,232,1,2,3,6
16919,156,11,1413,2,5,5,12
16921,61,1,171,3,2,2,7
16926,371,1,35,1,2,1,4
16927,115,3,993,2,4,5,11
16929,3,7,929,5,5,5,15
16930,26,3,341,4,4,3,11
16931,5,21,3158,5,5,5,15
16932,53,1,87,3,2,1,6
16934,54,2,399,3,4,4,11
16936,25,1,173,4,2,2,8
16940,52,3,2169,3,4,5,12
16943,211,3,145,2,4,2,8
16945,21,19,2725,4,5,5,14
16947,235,1,312,1,2,3,6
16948,138,3,1614,2,4,5,11
16950,56,3,644,3,4,4,11
16952,109,2,92,2,4,1,7
16953,30,1,10,4,2,1,7
16954,0,9,1054,5,5,5,15
16957,239,2,172,1,4,2,7
16959,87,1,49,3,2,1,6
16960,38,3,304,4,4,3,11
16961,116,1,125,2,2,2,6
16963,187,1,35,2,2,1,5
16965,226,1,291,1,2,3,6
16967,189,1,333,2,2,3,7
16968,4,2,326,5,4,3,12
16969,39,3,816,4,4,5,13
16976,267,1,88,1,2,1,4
16978,77,1,166,3,2,2,7
16980,255,2,788,1,4,5,10
16982,60,1,182,3,2,2,7
16986,29,2,1040,4,4,5,13
16987,3,7,402,5,5,4,14
16988,5,1,43,5,2,1,8
16989,7,6,1233,5,5,5,15
16990,218,1,100,1,2,1,4
16997,288,3,360,1,4,4,9
16999,23,2,294,4,4,3,11
17001,0,11,2164,5,5,5,15
17004,46,2,819,3,4,5,12
17006,4,4,272,5,5,3,13
17011,30,1,186,4,2,2,8
17015,28,3,1981,4,4,5,13
17018,40,2,176,4,4,2,10
17019,11,4,827,5,5,5,15
17022,31,1,108,4,2,2,8
17024,45,3,69,4,4,1,9
17025,60,3,235,3,4,3,10
17026,185,2,97,2,4,1,7
17029,110,2,400,2,4,4,10
17030,63,1,146,3,2,2,7
17031,11,2,235,5,4,3,12
17033,86,3,750,3,4,5,12
17038,30,1,28,4,2,1,7
17040,137,1,181,2,2,2,6
17042,2,5,994,5,5,5,15
17043,32,4,998,4,5,5,14
17045,113,3,106,2,4,2,8
17046,157,1,510,2,2,4,8
17047,85,3,533,3,4,4,11
17050,96,6,1614,2,5,5,12
17051,194,1,184,2,2,2,6
17052,28,1,261,4,2,3,9
17058,81,3,592,3,4,4,11
17059,29,5,1855,4,5,5,14
17060,266,1,216,1,2,3,6
17064,58,3,318,3,4,3,10
17070,114,1,133,2,2,2,6
17073,17,4,759,5,5,5,15
17076,36,3,295,4,4,3,11
17078,36,2,788,4,4,5,13
17079,78,1,24,3,2,1,6
17081,25,2,78,4,4,1,9
17082,33,2,1049,4,4,5,13
17083,109,3,772,2,4,5,11
17084,35,2,1816,4,4,5,13
17086,7,6,1859,5,5,5,15
17088,28,4,868,4,5,5,14
17092,50,4,1131,3,5,5,13
17100,18,2,800,5,4,5,14
17101,10,4,815,5,5,5,15
17102,261,1,2,1,2,1,4
17105,159,2,693,2,4,4,10
17110,165,1,50,2,2,1,5
17111,47,1,302,3,2,3,8
17117,288,1,68,1,2,1,4
17118,317,1,154,1,2,2,5
17120,233,1,120,1,2,2,5
17122,119,1,80,2,2,1,5
17123,161,1,246,2,2,3,7
17124,185,1,130,2,2,2,6
17125,50,1,291,3,2,3,8
17128,334,1,76,1,2,1,4
17131,5,5,983,5,5,5,15
17133,15,7,2730,5,5,5,15
17134,106,2,102,2,4,2,8
17135,16,7,1224,5,5,5,15
17138,275,1,126,1,2,2,5
17140,247,1,302,1,2,3,6
17142,239,1,81,1,2,1,4
17144,1,2,483,5,4,4,13
17146,105,3,212,2,4,3,9
17148,51,1,82,3,2,1,6
17153,24,1,104,4,2,2,8
17154,75,1,490,3,2,4,9
17155,17,2,242,5,4,3,12
17158,32,3,778,4,4,5,13
17160,31,6,2856,4,5,5,14
17163,21,2,66,4,4,1,9
17165,284,1,100,1,2,1,4
17171,289,1,185,1,2,2,5
17174,217,1,41,1,2,1,4
17176,201,1,170,2,2,2,6
17179,178,3,290,2,4,3,9
17181,57,2,241,3,4,3,10
17186,46,2,200,3,4,3,10
17187,226,1,144,1,2,2,5
17189,106,2,227,2,4,3,9
17191,28,7,1167,4,5,5,14
17194,273,2,119,1,4,2,7
17197,29,1,191,4,2,2,8
17198,23,3,357,4,4,4,12
17201,53,1,268,3,2,3,8
17203,35,6,2850,4,5,5,14
17205,53,1,884,3,2,5,10
17206,53,1,76,3,2,1,6
17212,253,1,147,1,2,2,5
17217,234,1,24,1,2,1,4
17218,4,10,958,5,5,5,15
17219,31,1,89,4,2,1,7
17220,24,14,1905,4,5,5,14
17221,7,2,288,5,4,3,12
17222,65,1,128,3,2,2,7
17223,310,2,112,1,4,2,7
17226,308,1,406,1,2,4,7
17227,18,6,741,5,5,5,15
17228,15,8,1532,5,5,5,15
17229,96,2,185,2,4,2,8
17232,2,2,203,5,4,3,12
17233,35,1,131,4,2,2,8
17234,182,1,55,2,2,1,5
17235,25,2,224,4,4,3,11
17236,12,6,474,5,5,4,14
17237,11,2,105,5,4,2,11
17238,2,17,1822,5,5,5,15
17242,108,2,611,2,4,4,10
17244,53,1,616,3,2,4,9
17245,204,1,75,2,2,1,5
17247,15,1,106,5,2,2,9
17248,120,1,213,2,2,3,7
17250,3,2,168,5,4,2,11
17251,362,1,110,1,2,2,5
17252,116,2,193,2,4,2,8
17253,18,1,43,5,2,1,8
17254,4,2,252,5,4,3,12
17255,40,2,232,4,4,3,11
17256,107,2,141,2,4,2,8
17259,148,2,410,2,4,4,10
17262,52,5,367,3,5,4,12
17263,208,1,36,2,2,1,5
17265,138,2,394,2,4,4,10
17266,2,3,161,5,4,2,11
17267,127,2,159,2,4,2,8
17268,107,4,844,2,5,5,12
17274,35,1,79,4,2,1,7
17277,227,2,430,1,4,4,9
17278,241,1,179,1,2,2,5
17279,57,1,48,3,2,1,6
17282,130,3,1877,2,4,5,11
17286,21,1,118,4,2,2,8
17287,26,7,559,4,5,4,13
17288,9,7,1203,5,5,5,15
17290,3,2,404,5,4,4,13
17291,308,1,72,1,2,1,4
17293,8,9,1140,5,5,5,15
17295,28,3,294,4,4,3,11
17297,17,1,67,5,2,1,8
17298,101,2,387,2,4,4,10
17299,11,4,678,5,5,4,14
17301,21,1,149,4,2,2,8
17303,361,1,144,1,2,2,5
17309,95,1,41,2,2,1,5
17311,78,2,1005,3,4,5,12
17312,138,3,372,2,4,4,10
17320,100,3,634,2,4,4,10
17321,8,2,373,5,4,4,13
17324,17,4,844,5,5,5,15
17325,280,1,60,1,2,1,4
17329,14,2,142,5,4,2,11
17330,22,2,120,4,4,2,10
17331,123,1,16,2,2,1,5
17333,85,1,375,3,2,4,9
17339,94,2,152,2,4,2,8
17341,156,3,489,2,4,4,10
17343,355,1,56,1,2,1,4
17344,46,1,66,3,2,1,6
17345,15,4,346,5,5,4,14
17347,86,1,216,3,2,3,8
17348,14,5,1401,5,5,5,15
17349,179,1,112,2,2,2,6
17351,36,3,113,4,4,2,10
17353,129,2,1200,2,4,5,11
17354,50,1,1006,3,2,5,10
17356,311,1,166,1,2,2,5
17357,24,2,153,4,4,2,10
17358,303,2,202,1,4,3,8
17359,11,1,161,5,2,2,9
17360,17,3,335,5,4,3,12
17361,49,3,157,3,4,2,9
17362,239,2,191,1,4,2,7
17365,12,8,4777,5,5,5,15
17367,238,1,150,1,2,2,5
17370,72,4,540,3,5,4,12
17371,17,3,152,5,4,2,11
17372,40,8,749,4,5,5,14
17373,40,4,408,4,5,4,13
17374,218,2,85,1,4,1,6
17376,70,2,86,3,4,1,8
17379,11,1,663,5,2,4,11
17382,65,1,25,3,2,1,6
17383,4,1,150,5,2,2,9
17384,19,2,88,4,4,1,9
17385,14,1,201,5,2,3,10
17386,7,6,1902,5,5,5,15
17387,19,2,542,4,4,4,12
17388,77,4,1068,3,5,5,13
17391,163,2,480,2,4,4,10
17392,306,2,320,1,4,3,8
17394,219,1,241,1,2,3,6
17396,39,8,2005,4,5,5,14
17397,22,2,254,4,4,3,11
17398,114,3,310,2,4,3,9
17400,126,5,1097,2,5,5,12
17402,4,13,701,5,5,4,14
17403,36,1,117,4,2,2,8
17408,163,1,3,2,2,1,5
17409,184,2,105,2,4,2,8
17410,16,5,616,5,5,4,14
17412,2,7,738,5,5,5,15
17414,43,2,2100,4,4,5,13
17415,79,1,114,3,2,2,7
17418,42,2,289,4,4,3,11
17420,50,3,265,3,4,3,10
17425,19,2,407,4,4,4,12
17427,71,1,34,3,2,1,6
17430,32,2,190,4,4,2,10
17431,313,1,292,1,2,3,6
17432,18,2,207,5,4,3,12
17433,88,1,185,3,2,2,7
17436,1,2,90,5,4,1,10
17443,219,1,504,1,2,4,7
17444,147,3,2119,2,4,5,11
17446,176,2,198,2,4,3,9
17447,40,2,443,4,4,4,12
17453,17,2,219,5,4,3,12
17454,192,4,243,2,5,3,10
17455,203,1,66,2,2,1,5
17456,365,1,222,1,2,3,6
17457,126,5,826,2,5,5,12
17458,15,1,170,5,2,2,9
17459,43,2,537,4,4,4,12
17461,22,3,799,4,4,5,13
17464,158,1,220,2,2,3,7
17466,10,2,306,5,4,3,12
17468,10,2,116,5,4,2,11
17470,44,5,1675,4,5,5,14
17472,191,3,462,2,4,4,10
17475,79,1,178,3,2,2,7
17483,65,3,191,3,4,2,9
17486,261,1,191,1,2,2,5
17489,58,2,428,3,4,4,11
17492,248,1,155,1,2,2,5
17495,7,2,229,5,4,3,12
17496,358,1,79,1,2,1,4
17498,75,1,394,3,2,4,9
17499,289,1,711,1,2,5,8
17500,17,3,17,5,4,1,10
17501,220,2,160,1,4,2,7
17502,9,4,376,5,5,4,14
17503,2,2,486,5,4,4,13
17505,161,2,556,2,4,4,10
17507,261,2,359,1,4,4,9
17508,280,1,289,1,2,3,6
17510,24,1,214,4,2,3,9
17513,72,1,254,3,2,3,8
17514,128,1,135,2,2,2,6
17515,31,4,243,4,5,3,12
17516,15,5,416,5,5,4,14
17517,308,1,102,1,2,2,5
17520,53,1,365,3,2,4,9
17522,1,5,1034,5,5,5,15
17523,11,4,872,5,5,5,15
17524,361,1,90,1,2,1,4
17525,359,1,82,1,2,1,4
17530,1,10,1526,5,5,5,15
17534,53,1,103,3,2,2,7
17535,280,1,136,1,2,2,5
17536,177,1,6,2,2,1,5
17537,29,2,700,4,4,4,12
17538,25,1,134,4,3,2,9
17542,269,1,134,1,3,2,6
17545,43,3,341,4,4,3,11
17549,23,2,210,4,4,3,11
17550,197,3,86,2,4,1,7
17551,359,1,150,1,3,2,6
17553,129,1,1048,2,3,5,10
17554,1,5,1763,5,5,5,15
17555,19,2,349,4,4,4,12
17556,205,1,101,2,3,1,6
17557,14,3,306,5,4,3,12
17560,94,5,651,2,5,4,11
17561,19,1,146,4,3,2,9
17564,24,3,146,4,4,2,10
17566,8,2,518,5,4,4,13
17569,332,1,159,1,3,2,6
17571,50,4,905,3,5,5,13
17572,71,4,95,3,5,1,9
17574,242,1,77,1,3,1,5
17580,252,3,88,1,4,1,6
17582,236,1,123,1,3,2,6
17585,109,4,1671,2,5,5,12
17588,100,3,676,2,4,4,10
17589,60,4,1631,3,5,5,13
17590,2,3,828,5,4,5,14
17594,85,2,550,3,4,4,11
17595,12,2,229,5,4,3,12
17596,23,7,4400,4,5,5,14
17597,213,1,1176,1,3,5,9
17600,17,1,144,5,3,2,10
17601,239,1,103,1,3,2,6
17604,217,2,169,1,4,2,7
17608,33,2,232,4,4,3,11
17614,57,1,238,3,3,3,9
17615,130,3,140,2,4,2,8
17616,173,3,224,2,4,3,9
17618,5,3,331,5,4,3,12
17619,312,1,127,1,3,2,6
17620,59,1,60,3,3,1,7
17623,32,1,265,4,3,3,10
17624,14,2,554,5,4,4,13
17625,18,4,1198,5,5,5,15
17628,81,1,79,3,3,1,7
17630,169,2,158,2,4,2,8
17631,1,3,334,5,4,3,12
17634,36,9,840,4,5,5,14
17637,31,2,280,4,4,3,11
17639,276,1,49,1,3,1,5
17640,86,1,250,3,3,3,9
17642,119,2,474,2,4,4,10
17643,373,1,71,1,3,1,5
17647,65,1,30,3,3,1,7
17650,21,1,150,4,3,2,9
17654,277,1,41,1,3,1,5
17656,73,5,1399,3,5,5,13
17660,141,1,130,2,3,2,7
17664,18,2,604,5,4,4,13
17666,3,2,596,5,4,4,13
17667,66,5,1037,3,5,5,13
17668,1,2,93,5,4,1,10
17669,42,7,1916,4,5,5,14
17670,227,1,110,1,3,2,6
17674,74,2,672,3,4,4,11
17678,263,1,207,1,3,3,7
17679,52,2,729,3,4,5,12
17680,23,1,96,4,3,1,8
17684,43,1,145,4,3,2,9
17685,16,7,1956,5,5,5,15
17686,7,7,2478,5,5,5,15
17691,358,2,134,1,4,2,7
17694,141,1,184,2,3,2,7
17695,131,2,779,2,4,5,11
17697,236,1,93,1,3,1,5
17698,260,1,93,1,3,1,5
17701,252,1,109,1,3,2,6
17703,35,3,590,4,4,4,12
17704,168,2,343,2,4,4,10
17707,185,2,144,2,4,2,8
17708,187,2,91,2,4,1,7
17709,169,1,17,2,3,1,6
17711,10,2,246,5,4,3,12
17712,44,1,215,4,3,3,10
17714,320,1,92,1,3,1,5
17715,200,1,384,2,3,4,9
17718,232,1,83,1,3,1,5
17720,26,4,576,4,5,4,13
17723,127,6,792,2,5,5,12
17732,372,1,93,1,3,1,5
17733,38,2,463,4,4,4,12
17734,53,3,422,3,4,4,11
17735,2,19,8439,5,5,5,15
17737,9,2,108,5,4,2,11
17742,113,2,89,2,4,1,7
17749,178,2,320,2,4,3,9
17750,5,9,3957,5,5,5,15
17752,359,1,192,1,3,2,6
17758,19,8,2091,4,5,5,14
17759,17,3,708,5,4,5,14
17760,21,2,239,4,4,3,11
17761,32,1,398,4,3,4,11
17763,263,1,12,1,3,1,5
17764,50,2,395,3,4,4,11
17765,158,3,144,2,4,2,8
17767,15,1,128,5,3,2,10
17768,8,3,1186,5,4,5,14
17770,198,5,365,2,5,4,11
17771,56,2,287,3,4,3,10
17772,10,2,58,5,4,1,10
17775,254,1,72,1,3,1,5
17777,24,3,507,4,4,4,12
17781,159,2,34,2,4,1,7
17783,72,2,354,3,4,4,11
17785,53,1,67,3,3,1,7
17786,85,2,200,3,4,3,10
17787,152,4,910,2,5,5,12
17788,73,2,211,3,4,3,10
17789,281,1,74,1,3,1,5
17790,26,14,836,4,5,5,14
17791,29,1,46,4,3,1,8
17793,25,1,232,4,3,3,10
17795,179,2,341,2,4,3,9
17796,40,4,178,4,5,2,11
17797,22,3,498,4,4,4,12
17800,37,9,736,4,5,5,14
17805,73,1,478,3,3,4,10
17806,11,1,727,5,3,5,13
17812,12,4,350,5,5,4,14
17816,36,4,30,4,5,1,10
17817,4,3,67,5,4,1,10
17824,51,1,408,3,3,4,10
17827,5,5,1247,5,5,5,15
17829,298,1,496,1,3,4,8
17830,1,3,92,5,4,1,10
17831,33,1,12,4,3,1,8
17832,49,1,208,3,3,3,9
17835,2,3,348,5,4,4,13
17836,47,1,88,3,3,1,7
17839,42,1,285,4,3,3,10
17843,303,1,113,1,3,2,6
17844,106,1,52,2,3,1,6
17846,85,1,1,3,3,1,7
17848,81,9,398,3,5,4,12
17849,218,4,114,1,5,2,8
17852,11,2,53,5,4,1,10
17854,185,2,84,2,4,1,7
17855,372,1,197,1,3,3,7
17858,5,12,2706,5,5,5,15
17859,304,1,127,1,3,2,6
17860,368,1,104,1,3,2,6
17862,323,1,100,1,3,1,5
17863,59,6,2638,3,5,5,13
17864,12,3,810,5,4,5,14
17869,107,5,111,2,5,2,9
17871,204,1,182,2,3,2,7
17877,170,1,98,2,3,1,6
17878,43,1,401,4,3,4,11
17879,173,1,45,2,3,1,6
17880,364,1,314,1,3,3,7
17881,304,1,32,1,3,1,5
17883,3,4,379,5,5,4,14
17884,3,4,854,5,5,5,15
17885,12,1,167,5,3,2,10
17886,31,3,481,4,4,4,12
17887,129,1,30,2,3,1,6
17889,212,2,79,1,4,1,6
17890,322,2,416,1,4,4,9
17891,162,1,393,2,3,4,9
17892,56,3,109,3,4,2,9
17893,225,1,161,1,3,2,6
17894,71,8,405,3,5,4,12
17895,44,1,130,4,3,2,9
17896,23,1,288,4,3,3,10
17898,85,2,190,3,4,2,9
17899,159,1,171,2,3,2,7
17901,29,1,24,4,3,1,8
17905,71,4,407,3,5,4,12
17906,247,1,26,1,3,1,5
17908,373,1,173,1,3,2,6
17911,9,1,223,5,3,3,11
17913,58,2,289,3,4,3,10
17914,3,1,473,5,3,4,12
17917,45,3,187,4,4,2,10
17919,88,1,756,3,3,5,11
17920,4,17,2516,5,5,5,15
17921,64,4,430,3,5,4,12
17923,282,1,50,1,3,1,5
17925,372,1,72,1,3,1,5
17926,133,2,306,2,4,3,9
17928,45,2,140,4,4,2,10
17930,35,5,1594,4,5,5,14
17931,134,2,249,2,4,3,9
17932,29,3,789,4,4,5,13
17934,51,2,478,3,4,4,11
17935,138,2,82,2,4,1,7
17936,5,1,262,5,3,3,11
17937,8,7,1754,5,5,5,15
17939,159,1,40,2,3,1,6
17941,130,1,252,2,3,3,8
17942,7,1,38,5,3,1,9
17946,233,2,75,1,4,1,6
17947,37,1,168,4,3,2,9
17948,147,1,144,2,3,2,7
17955,198,4,273,2,5,3,10
17956,249,1,1,1,3,1,5
17957,66,1,287,3,3,3,9
17958,116,1,84,2,3,1,6
17960,171,1,41,2,3,1,6
17961,21,39,560,4,5,4,13
17962,142,1,128,2,3,2,7
17964,31,2,301,4,4,3,11
17965,37,14,1556,4,5,5,14
17966,37,5,2571,4,5,5,14
17967,371,1,80,1,3,1,5
17968,373,1,160,1,3,2,6
17969,166,2,152,2,4,2,8
17970,211,1,525,2,3,4,9
17972,241,1,37,1,3,1,5
17973,51,1,176,3,3,2,8
17974,24,3,519,4,4,4,12
17976,372,1,106,1,3,2,6
17977,29,1,342,4,3,3,10
17978,365,1,499,1,3,4,8
17980,165,3,682,2,4,4,10
17984,145,1,98,2,3,1,6
17985,22,1,183,4,3,2,9
17986,56,1,10,3,3,1,7
17987,185,1,261,2,3,3,8
17990,236,3,414,1,4,4,9
17991,225,2,25,1,4,1,6
17995,281,1,133,1,3,2,6
17999,37,2,221,4,4,3,11
18001,12,2,363,5,4,4,13
18004,362,1,78,1,3,1,5
18005,3,2,93,5,4,1,10
18006,23,1,220,4,3,3,10
18008,70,9,1581,3,5,5,13
18010,256,1,60,1,3,1,5
18011,373,1,71,1,3,1,5
18013,155,2,285,2,4,3,9
18014,28,1,68,4,3,1,8
18015,4,1,157,5,3,2,10
18016,32,5,1029,4,5,5,14
18017,81,3,300,3,4,3,10
18018,108,2,55,2,4,1,7
18019,51,1,7,3,3,1,7
18022,35,1,736,4,3,5,12
18027,98,1,78,2,3,1,6
18032,334,1,42,1,3,1,5
18033,65,1,253,3,3,3,9
18034,21,2,561,4,4,4,12
18035,35,3,611,4,4,4,12
18036,32,3,234,4,4,3,11
18037,154,6,20,2,5,1,8
18040,19,2,148,4,4,2,10
18042,53,1,33,3,3,1,7
18043,24,3,282,4,4,3,11
18045,45,1,142,4,3,2,9
18048,203,2,127,2,4,2,8
18050,359,1,40,1,3,1,5
18056,288,1,211,1,3,3,7
18058,9,1,88,5,3,1,9
18061,21,10,955,4,5,5,14
18062,173,3,396,2,4,4,10
18064,133,2,384,2,4,4,10
18066,75,1,108,3,3,2,8
18067,40,1,189,4,3,2,9
18068,289,1,6,1,3,1,5
18071,257,2,260,1,4,3,8
18074,373,1,190,1,3,2,6
18077,8,11,1878,5,5,5,15
18078,217,2,145,1,4,2,7
18079,45,4,7432,4,5,5,14
18080,18,2,642,5,4,4,13
18081,36,3,195,4,4,3,11
18082,25,1,621,4,3,4,11
18085,330,2,265,1,4,3,8
18086,274,1,106,1,3,2,6
18088,61,1,109,3,3,2,8
18094,81,7,2518,3,5,5,13
18095,312,2,419,1,4,4,9
18096,11,3,825,5,4,5,14
18099,127,1,149,2,3,2,7
18101,11,2,88,5,4,1,10
18104,37,1,362,4,3,4,11
18105,37,1,46,4,3,1,8
18106,329,1,128,1,3,2,6
18112,12,2,255,5,4,3,12
18113,368,1,72,1,3,1,5
18114,290,1,55,1,3,1,5
18116,67,8,848,3,5,5,13
18117,25,1,618,4,3,4,11
18119,367,1,125,1,3,2,6
18120,214,1,31,1,3,1,5
18121,149,2,450,2,4,4,10
18122,8,6,1234,5,5,5,15
18123,24,2,594,4,4,4,12
18126,60,1,144,3,3,2,8
18127,19,3,188,4,4,2,10
18129,243,1,48,1,3,1,5
18135,29,5,349,4,5,4,13
18138,295,1,38,1,3,1,5
18143,116,2,570,2,4,4,10
18144,7,12,1343,5,5,5,15
18145,12,4,2625,5,5,5,15
18146,140,2,153,2,4,2,8
18147,45,2,203,4,4,3,11
18149,50,3,310,3,4,3,10
18150,32,3,332,4,4,3,11
18151,134,2,355,2,4,4,10
18154,3,2,255,5,4,3,12
18156,12,2,301,5,4,3,12
18159,301,1,139,1,3,2,6
18160,57,2,294,3,4,3,10
18165,177,1,254,2,3,3,8
18169,60,1,61,3,3,1,7
18170,33,3,409,4,4,4,12
18173,86,4,1220,3,5,5,13
18174,7,1,50,5,3,1,9
18179,9,6,1360,5,5,5,15
18180,4,6,1721,5,5,5,15
18181,24,1,146,4,3,2,9
18184,15,1,60,5,3,1,9
18185,249,1,183,1,3,2,6
18191,261,1,140,1,3,2,6
18192,71,1,339,3,3,3,9
18196,95,2,433,2,4,4,10
18200,106,1,111,2,3,2,7
18202,199,3,581,2,4,4,10
18203,157,1,43,2,3,1,6
18205,36,2,192,4,4,2,10
18209,28,1,58,4,3,1,8
18210,1,6,1398,5,5,5,15
18211,25,5,359,4,5,4,13
18212,326,1,101,1,3,1,5
18213,236,1,232,1,3,3,7
18215,89,1,118,3,3,2,8
18216,31,1,200,4,3,3,10
18217,29,2,491,4,4,4,12
18222,92,1,335,2,3,3,8
18224,263,1,69,1,3,1,5
18227,217,1,21,1,3,1,5
18229,11,20,2488,5,5,5,15
18233,325,1,4,1,3,1,5
18235,71,3,1578,3,4,5,12
18236,29,6,403,4,5,4,13
18237,2,5,622,5,5,4,14
18239,218,5,795,1,5,5,11
18240,46,1,126,3,3,2,8
18242,72,4,1017,3,5,5,13
18246,23,2,166,4,4,2,10
18249,17,1,128,5,3,2,10
18251,87,1,7824,3,3,5,11
18252,50,2,239,3,4,3,10
18255,89,1,74,3,3,1,7
18259,24,3,714,4,4,5,13
18261,43,2,146,4,4,2,10
18262,140,1,182,2,3,2,7
18265,72,2,311,3,4,3,10
18273,2,3,80,5,4,1,10
18278,73,1,66,3,3,1,7
18280,277,1,45,1,3,1,5
18281,180,1,54,2,3,1,6
18283,3,16,1397,5,5,5,15
18287,42,3,1586,4,4,5,13
